Url,Project name,Commit,File_name,Strategy,Clone result,Compile result,Compile java version,Conflict result,Test A result,Test B result,Existing tests result,Evosuite A result,Evosuite B result,Evosuite A's test on A,Evosuite A's test on B,Evosuite B's test on A,Evosuite B's test on B,Evosuite result,GPT A's test on A,GPT A's test on B,GPT B's test on A,GPT B's test on B,GPT result,Human result,Corrected wrong ground truth
https://github.com/sendgrid/sendgrid-java,sendgrid-java,23f7c40cb4f37f12917c576c7929aa16b7169b4e,src/main/java/com/sendgrid/helpers/mail/objects/MailSettings.java,A,Clone TRUE,Compile TRUE,ORACLEJAVA8,Conflicts TRUE,testA:FALSE;RUN:;FAILURE:;ERROR:;SKIP:;PASS:,testB:FALSE;RUN:;FAILURE:;ERROR:;SKIP:;PASS:,,generate A TRUE,generate B TRUE,gen_code_A_test_A:SUCCESS;RUN:39;FAILURE:0;ERROR:0;SKIP:0;PASS:39,gen_code_B_test_A:SUCCESS;RUN:39;FAILURE:0;ERROR:0;SKIP:0;PASS:39,gen_code_A_test_B:SUCCESS;RUN:39;FAILURE:0;ERROR:0;SKIP:0;PASS:39,gen_code_B_test_B:SUCCESS;RUN:39;FAILURE:0;ERROR:0;SKIP:0;PASS:39,evosuite:same(cannot distinguish),,,,,,,
https://github.com/usc-isi-i2/Web-Karma,Web-Karma,9c8ffca06af8f43d384cbab509ac818116e1b982,karma-util/src/main/java/edu/isi/karma/util/KarmaStats.java,A,Clone TRUE,Compile TRUE,ORACLEJAVA8,Conflicts TRUE,testA:TRUE;RUN:;FAILURE:;ERROR:;SKIP:;PASS:,testB:TRUE;RUN:;FAILURE:;ERROR:;SKIP:;PASS:,,generate A TRUE,generate B TRUE,gen_code_A_test_A:SUCCESS;RUN:10;FAILURE:0;ERROR:0;SKIP:0;PASS:10,gen_code_B_test_A:FAIL;RUN:10;FAILURE:0;ERROR:1;SKIP:0;PASS:9,gen_code_A_test_B:FAIL;RUN:12;FAILURE:2;ERROR:0;SKIP:0;PASS:10,gen_code_B_test_B:SUCCESS;RUN:12;FAILURE:0;ERROR:0;SKIP:0;PASS:12,evosuite:A,,,,,,,
https://github.com/uchicago/shibboleth-oidc,shibboleth-oidc,3e183a0b58ef1865d4ec99d154474d395c9ff1bd,idp-oidc-impl/src/main/java/net/shibboleth/idp/oidc/util/OidcUtils.java,A,Clone TRUE,Compile TRUE,ORACLEJAVA8,Conflicts TRUE,testA:TRUE;RUN:;FAILURE:;ERROR:;SKIP:;PASS:,testB:TRUE;RUN:;FAILURE:;ERROR:;SKIP:;PASS:,,generate A FALSE,generate B FALSE,,,,,evosuite:same(fail),gpt_code_A_test_A:SUCCESS;RUN:1;FAILURE:0;ERROR:0;SKIP:0;PASS:1,gpt_code_B_test_A:FAIL;RUN:1;FAILURE:1;ERROR:0;SKIP:0;PASS:0,gpt_code_A_test_B:FAIL;RUN:1;FAILURE:1;ERROR:0;SKIP:0;PASS:0,gpt_code_B_test_B:SUCCESS;RUN:1;FAILURE:0;ERROR:0;SKIP:0;PASS:1,gpt:A,,
https://github.com/FasterXML/jackson-core,jackson-core,1f35bbc2a4fdb2319686be93c969edee02454d47,src/main/java/com/fasterxml/jackson/core/json/WriterBasedJsonGenerator.java,B,Clone TRUE,Compile TRUE,ORACLEJAVA8,Conflicts TRUE,testA:TRUE;RUN:874;FAILURE:0;ERROR:0;SKIP:0;PASS:874,testB:TRUE;RUN:874;FAILURE:0;ERROR:0;SKIP:0;PASS:874,,generate A TRUE,generate B TRUE,gen_code_A_test_A:SUCCESS;RUN:73;FAILURE:0;ERROR:0;SKIP:0;PASS:73,gen_code_B_test_A:SUCCESS;RUN:73;FAILURE:0;ERROR:0;SKIP:0;PASS:73,gen_code_A_test_B:SUCCESS;RUN:78;FAILURE:0;ERROR:0;SKIP:0;PASS:78,gen_code_B_test_B:SUCCESS;RUN:78;FAILURE:0;ERROR:0;SKIP:0;PASS:78,evosuite:same(cannot distinguish),,,,,,,
https://github.com/alexo/wro4j,wro4j,272a9640e5ddd82172e7baefe86f3c7efbb28674,wro4j-core/src/main/java/ro/isdc/wro/cache/DefaultSynchronizedCacheStrategyDecorator.java,A,Clone TRUE,Compile TRUE,ORACLEJAVA8,Conflicts TRUE,testA:FALSE;RUN:;FAILURE:;ERROR:;SKIP:;PASS:,testB:FALSE;RUN:;FAILURE:;ERROR:;SKIP:;PASS:,,generate A TRUE,generate B TRUE,gen_code_A_test_A:SUCCESS;RUN:3;FAILURE:0;ERROR:0;SKIP:0;PASS:3,gen_code_B_test_A:SUCCESS;RUN:3;FAILURE:0;ERROR:0;SKIP:1;PASS:2,gen_code_A_test_B:SUCCESS;RUN:3;FAILURE:0;ERROR:0;SKIP:0;PASS:3,gen_code_B_test_B:SUCCESS;RUN:3;FAILURE:0;ERROR:0;SKIP:0;PASS:3,evosuite:A,,,,,,,
https://github.com/jpmml/jpmml-sparkml,jpmml-sparkml,20954108735fc50f8abca326208d1f480b4b66d2,src/main/java/org/jpmml/sparkml/ExpressionTranslator.java,A,Clone TRUE,Compile TRUE,ORACLEJAVA11,Conflicts TRUE,testA:FALSE;RUN:40;FAILURE:0;ERROR:30;SKIP:0;PASS:10,testB:FALSE;RUN:40;FAILURE:0;ERROR:30;SKIP:0;PASS:10,,generate A FALSE,generate B FALSE,,,,,evosuite:same(fail),gpt_code_A_test_A:FAIL;RUN:none;FAILURE:none;ERROR:none;SKIP:none;PASS:none,gpt_code_B_test_A:FAIL;RUN:none;FAILURE:none;ERROR:none;SKIP:none;PASS:none,gpt_code_A_test_B:FAIL;RUN:none;FAILURE:none;ERROR:none;SKIP:none;PASS:none,gpt_code_B_test_B:FAIL;RUN:none;FAILURE:none;ERROR:none;SKIP:none;PASS:none,gpt:same(fail),human:A,
https://github.com/davidmoten/rxjava-file,rxjava-file,c7c2b3aa06bf4f2d022360aa6a0270798ea3590a,src/main/java/com/github/davidmoten/rx/FileObservable.java,A,Clone TRUE,Compile TRUE,ORACLEJAVA8,Conflicts TRUE,testA:FALSE;RUN:;FAILURE:;ERROR:;SKIP:;PASS:,testB:FALSE;RUN:;FAILURE:;ERROR:;SKIP:;PASS:,,generate A TRUE,generate B TRUE,gen_code_A_test_A:SUCCESS;RUN:1;FAILURE:0;ERROR:0;SKIP:0;PASS:1,gen_code_B_test_A:SUCCESS;RUN:1;FAILURE:0;ERROR:0;SKIP:0;PASS:1,gen_code_A_test_B:SUCCESS;RUN:1;FAILURE:0;ERROR:0;SKIP:0;PASS:1,gen_code_B_test_B:SUCCESS;RUN:1;FAILURE:0;ERROR:0;SKIP:0;PASS:1,evosuite:same(cannot distinguish),gpt_code_A_test_A:FAIL;RUN:none;FAILURE:none;ERROR:none;SKIP:none;PASS:none,gpt_code_B_test_A:FAIL;RUN:none;FAILURE:none;ERROR:none;SKIP:none;PASS:none,gpt_code_A_test_B:FAIL;RUN:none;FAILURE:none;ERROR:none;SKIP:none;PASS:none,gpt_code_B_test_B:FAIL;RUN:none;FAILURE:none;ERROR:none;SKIP:none;PASS:none,gpt:same(fail),human:A,
https://github.com/wmixvideo/nfe,nfe,7f7191036aa8831123d562e5d5d9f9cf9802223b,src/main/java/com/fincatto/documentofiscal/nfe400/classes/nota/NFNotaInfoLocal.java,A,Clone TRUE,Compile TRUE,ORACLEJAVA8,Conflicts TRUE,testA:FALSE;RUN:3529;FAILURE:42;ERROR:0;SKIP:1;PASS:3486,testB:FALSE;RUN:3529;FAILURE:42;ERROR:0;SKIP:1;PASS:3486,existing:A,generate A TRUE,generate B TRUE,gen_code_A_test_A:SUCCESS;RUN:27;FAILURE:0;ERROR:0;SKIP:0;PASS:27,gen_code_B_test_A:SUCCESS;RUN:27;FAILURE:0;ERROR:0;SKIP:0;PASS:27,gen_code_A_test_B:SUCCESS;RUN:27;FAILURE:0;ERROR:0;SKIP:0;PASS:27,gen_code_B_test_B:SUCCESS;RUN:27;FAILURE:0;ERROR:0;SKIP:0;PASS:27,evosuite:same(cannot distinguish),,,,,,,
https://github.com/Activiti/Activiti,Activiti,b0a0bccddb782936d5fe486df2c009e0db49cb4b,modules/activiti-bpmn-model/src/main/java/org/activiti/bpmn/model/UserTask.java,B,Clone TRUE,Compile TRUE,ORACLEJAVA8,Conflicts TRUE,testA:TRUE;RUN:0;FAILURE:0;ERROR:0;SKIP:0;PASS:0,testB:TRUE;RUN:0;FAILURE:0;ERROR:0;SKIP:0;PASS:0,,generate A TRUE,generate B TRUE,gen_code_A_test_A:SUCCESS;RUN:55;FAILURE:0;ERROR:0;SKIP:0;PASS:55,gen_code_B_test_A:SUCCESS;RUN:55;FAILURE:0;ERROR:0;SKIP:0;PASS:55,gen_code_A_test_B:FAIL;RUN:none;FAILURE:none;ERROR:none;SKIP:none;PASS:none,gen_code_B_test_B:SUCCESS;RUN:62;FAILURE:0;ERROR:0;SKIP:0;PASS:62,evosuite:B,,,,,,,
https://github.com/splunk/kafka-connect-splunk,kafka-connect-splunk,0e68921a53e165e3d33fc38ed1250dc01f55b2e3,src/main/java/com/splunk/kafka/connect/SplunkSinkConnectorConfig.java,B,Clone TRUE,Compile TRUE,ORACLEJAVA8,Conflicts TRUE,testA:TRUE;RUN:124;FAILURE:0;ERROR:0;SKIP:0;PASS:124,testB:FALSE;RUN:124;FAILURE:2;ERROR:0;SKIP:0;PASS:122,existing:A,generate A TRUE,generate B TRUE,gen_code_A_test_A:SUCCESS;RUN:3;FAILURE:0;ERROR:0;SKIP:0;PASS:3,gen_code_B_test_A:SUCCESS;RUN:3;FAILURE:0;ERROR:0;SKIP:0;PASS:3,gen_code_A_test_B:SUCCESS;RUN:3;FAILURE:0;ERROR:0;SKIP:0;PASS:3,gen_code_B_test_B:SUCCESS;RUN:3;FAILURE:0;ERROR:0;SKIP:0;PASS:3,evosuite:same(cannot distinguish),,,,,,,wrong_ref:A
https://github.com/apache/incubator-streampipes,incubator-streampipes,5411aed3af42dfb651db14545727eaab58a3025d,streampipes-vocabulary/src/main/java/org/streampipes/vocabulary/StreamPipes.java,cat,Clone TRUE,Compile TRUE,ORACLEJAVA8,Conflicts TRUE,testA:TRUE;RUN:;FAILURE:;ERROR:;SKIP:;PASS:,testB:TRUE;RUN:;FAILURE:;ERROR:;SKIP:;PASS:,,generate A TRUE,generate B TRUE,gen_code_A_test_A:SUCCESS;RUN:1;FAILURE:0;ERROR:0;SKIP:0;PASS:1,gen_code_B_test_A:SUCCESS;RUN:1;FAILURE:0;ERROR:0;SKIP:0;PASS:1,gen_code_A_test_B:SUCCESS;RUN:1;FAILURE:0;ERROR:0;SKIP:0;PASS:1,gen_code_B_test_B:SUCCESS;RUN:1;FAILURE:0;ERROR:0;SKIP:0;PASS:1,evosuite:same(cannot distinguish),gpt_code_A_test_A:SUCCESS;RUN:1;FAILURE:0;ERROR:0;SKIP:0;PASS:1,gpt_code_B_test_A:FAIL;RUN:none;FAILURE:none;ERROR:none;SKIP:none;PASS:none,gpt_code_A_test_B:FAIL;RUN:none;FAILURE:none;ERROR:none;SKIP:none;PASS:none,gpt_code_B_test_B:SUCCESS;RUN:5;FAILURE:0;ERROR:0;SKIP:0;PASS:5,gpt:cat,,
https://github.com/robertjanetzko/LegendsBrowser,LegendsBrowser,fc31fef25c2f4f3953e100ffee9c494f4ce30ae4,src/main/java/legends/model/HistoricalFigure.java,cat,Clone TRUE,Compile TRUE,ORACLEJAVA8,Conflicts TRUE,testA:FALSE;RUN:;FAILURE:;ERROR:;SKIP:;PASS:,testB:FALSE;RUN:;FAILURE:;ERROR:;SKIP:;PASS:,,generate A TRUE,generate B TRUE,gen_code_A_test_A:FAIL;RUN:none;FAILURE:none;ERROR:none;SKIP:none;PASS:none,gen_code_B_test_A:FAIL;RUN:none;FAILURE:none;ERROR:none;SKIP:none;PASS:none,gen_code_A_test_B:FAIL;RUN:none;FAILURE:none;ERROR:none;SKIP:none;PASS:none,gen_code_B_test_B:FAIL;RUN:none;FAILURE:none;ERROR:none;SKIP:none;PASS:none,evosuite:cat,,,,,,,
https://github.com/molgenis/molgenis,molgenis,a20bee93d46552a931a54951e6832cc13344a162,molgenis-security-core/src/main/java/org/molgenis/security/core/utils/SecurityUtils.java,cat,Clone TRUE,Compile TRUE,ORACLEJAVA8,Conflicts TRUE,testA:TRUE;RUN:19;FAILURE:0;ERROR:0;SKIP:0;PASS:19,testB:FALSE;RUN:;FAILURE:;ERROR:;SKIP:;PASS:,existing:A,generate A TRUE,generate B TRUE,gen_code_A_test_A:SUCCESS;RUN:18;FAILURE:0;ERROR:0;SKIP:0;PASS:18,gen_code_B_test_A:FAIL;RUN:none;FAILURE:none;ERROR:none;SKIP:none;PASS:none,gen_code_A_test_B:FAIL;RUN:none;FAILURE:none;ERROR:none;SKIP:none;PASS:none,gen_code_B_test_B:SUCCESS;RUN:20;FAILURE:0;ERROR:0;SKIP:0;PASS:20,evosuite:cat,,,,,,,
https://github.com/javaparser/javaparser,javaparser,d9c990a94c725b8d112ba02897988b7400100ce3,javaparser-core/src/main/java/com/github/javaparser/utils/SourceRoot.java,cat,Clone TRUE,Compile TRUE,ORACLEJAVA8,Conflicts TRUE,testA:TRUE;RUN:;FAILURE:;ERROR:;SKIP:;PASS:,testB:TRUE;RUN:;FAILURE:;ERROR:;SKIP:;PASS:,,generate A TRUE,generate B TRUE,gen_code_A_test_A:FAIL;RUN:35;FAILURE:0;ERROR:5;SKIP:0;PASS:30,gen_code_B_test_A:FAIL;RUN:none;FAILURE:none;ERROR:none;SKIP:none;PASS:none,gen_code_A_test_B:FAIL;RUN:none;FAILURE:none;ERROR:none;SKIP:none;PASS:none,gen_code_B_test_B:FAIL;RUN:30;FAILURE:0;ERROR:4;SKIP:0;PASS:26,evosuite:cat,,,,,,,
https://github.com/apache/hive,hive,c9f35396ba8c431cd3fabe99dc56ecb01fac5b70,shims/common/src/main/java/org/apache/hadoop/hive/shims/HadoopShims.java,cat,Clone TRUE,Compile TRUE,ORACLEJAVA8,Conflicts TRUE,testA:TRUE;RUN:;FAILURE:;ERROR:;SKIP:;PASS:,testB:TRUE;RUN:;FAILURE:;ERROR:;SKIP:;PASS:,,generate A TRUE,generate B TRUE,gen_code_A_test_A:SUCCESS;RUN:1;FAILURE:0;ERROR:0;SKIP:0;PASS:1,gen_code_B_test_A:SUCCESS;RUN:1;FAILURE:0;ERROR:0;SKIP:0;PASS:1,gen_code_A_test_B:SUCCESS;RUN:1;FAILURE:0;ERROR:0;SKIP:0;PASS:1,gen_code_B_test_B:SUCCESS;RUN:1;FAILURE:0;ERROR:0;SKIP:0;PASS:1,evosuite:same(cannot distinguish),gpt_code_A_test_A:SUCCESS;RUN:1;FAILURE:0;ERROR:0;SKIP:0;PASS:1,gpt_code_B_test_A:FAIL;RUN:none;FAILURE:none;ERROR:none;SKIP:none;PASS:none,gpt_code_A_test_B:FAIL;RUN:none;FAILURE:none;ERROR:none;SKIP:none;PASS:none,gpt_code_B_test_B:SUCCESS;RUN:1;FAILURE:0;ERROR:0;SKIP:0;PASS:1,gpt:cat,,
https://github.com/Alluxio/alluxio,alluxio,8fa20f6dc82b6847c72f78fc71f1dd04e9d2e6b5,common/src/main/java/tachyon/Constants.java,cat,Clone TRUE,Compile TRUE,ORACLEJAVA8,Conflicts TRUE,testA:TRUE;RUN:107;FAILURE:0;ERROR:0;SKIP:4;PASS:103,testB:TRUE;RUN:107;FAILURE:0;ERROR:0;SKIP:4;PASS:103,,generate A TRUE,generate B TRUE,gen_code_A_test_A:SUCCESS;RUN:1;FAILURE:0;ERROR:0;SKIP:0;PASS:1,gen_code_B_test_A:SUCCESS;RUN:1;FAILURE:0;ERROR:0;SKIP:0;PASS:1,gen_code_A_test_B:SUCCESS;RUN:1;FAILURE:0;ERROR:0;SKIP:0;PASS:1,gen_code_B_test_B:SUCCESS;RUN:1;FAILURE:0;ERROR:0;SKIP:0;PASS:1,evosuite:same(cannot distinguish),gpt_code_A_test_A:SUCCESS;RUN:1;FAILURE:0;ERROR:0;SKIP:0;PASS:1,gpt_code_B_test_A:FAIL;RUN:none;FAILURE:none;ERROR:none;SKIP:none;PASS:none,gpt_code_A_test_B:FAIL;RUN:none;FAILURE:none;ERROR:none;SKIP:none;PASS:none,gpt_code_B_test_B:SUCCESS;RUN:1;FAILURE:0;ERROR:0;SKIP:0;PASS:1,gpt:cat,,
https://github.com/effektif/effektif,effektif,d991f449e91933ed0fbfb9119ab2105fbe20802f,effektif-workflow-api/src/main/java/com/effektif/workflow/api/workflow/Transition.java,cat,Clone TRUE,Compile TRUE,ORACLEJAVA8,Conflicts TRUE,testA:TRUE;RUN:;FAILURE:;ERROR:;SKIP:;PASS:,testB:TRUE;RUN:;FAILURE:;ERROR:;SKIP:;PASS:,,generate A TRUE,generate B TRUE,gen_code_A_test_A:SUCCESS;RUN:35;FAILURE:0;ERROR:0;SKIP:0;PASS:35,gen_code_B_test_A:SUCCESS;RUN:35;FAILURE:0;ERROR:0;SKIP:0;PASS:35,gen_code_A_test_B:SUCCESS;RUN:35;FAILURE:0;ERROR:0;SKIP:0;PASS:35,gen_code_B_test_B:SUCCESS;RUN:35;FAILURE:0;ERROR:0;SKIP:0;PASS:35,evosuite:same(cannot distinguish),,,,,gpt:same(cannot distinguish),,
https://github.com/beders/Resty,Resty,b213fcfbfad359e5c9ffd6f568d4032c5c94e73d,src/main/java/us/monoid/web/Resty.java,cat,Clone TRUE,Compile TRUE,ORACLEJAVA8,Conflicts TRUE,testA:FALSE;RUN:;FAILURE:;ERROR:;SKIP:;PASS:,testB:;RUN:;FAILURE:;ERROR:;SKIP:;PASS:,,generate A TRUE,generate B TRUE,gen_code_A_test_A:SUCCESS;RUN:87;FAILURE:0;ERROR:0;SKIP:0;PASS:87,gen_code_B_test_A:FAIL;RUN:none;FAILURE:none;ERROR:none;SKIP:none;PASS:none,gen_code_A_test_B:FAIL;RUN:none;FAILURE:none;ERROR:none;SKIP:none;PASS:none,gen_code_B_test_B:SUCCESS;RUN:82;FAILURE:0;ERROR:0;SKIP:0;PASS:82,evosuite:cat,,,,,,,
https://github.com/bastillion-io/Bastillion,Bastillion,974b6c963b42712a5b2d97dbd2b166d239951381,src/main/java/com/keybox/common/util/AuthUtil.java,cat,Clone TRUE,Compile TRUE,ORACLEJAVA8,Conflicts TRUE,testA:TRUE;RUN:;FAILURE:;ERROR:;SKIP:;PASS:,testB:TRUE;RUN:;FAILURE:;ERROR:;SKIP:;PASS:,,generate A TRUE,generate B TRUE,gen_code_A_test_A:SUCCESS;RUN:54;FAILURE:0;ERROR:0;SKIP:0;PASS:54,gen_code_B_test_A:FAIL;RUN:none;FAILURE:none;ERROR:none;SKIP:none;PASS:none,gen_code_A_test_B:SUCCESS;RUN:54;FAILURE:0;ERROR:0;SKIP:0;PASS:54,gen_code_B_test_B:SUCCESS;RUN:54;FAILURE:0;ERROR:0;SKIP:0;PASS:54,evosuite:A(wrong),gpt_code_A_test_A:SUCCESS;RUN:1;FAILURE:0;ERROR:0;SKIP:0;PASS:1,gpt_code_B_test_A:FAIL;RUN:none;FAILURE:none;ERROR:none;SKIP:none;PASS:none,gpt_code_A_test_B:FAIL;RUN:1;FAILURE:1;ERROR:0;SKIP:0;PASS:0,gpt_code_B_test_B:SUCCESS;RUN:1;FAILURE:0;ERROR:0;SKIP:0;PASS:1,gpt:cat,,
https://github.com/apache/incubator-streampipes,incubator-streampipes,2e2316079efa20849e8251f7fbdf8d474a38c7c5,streampipes-vocabulary/src/main/java/org/streampipes/vocabulary/StreamPipes.java,cat,Clone TRUE,Compile TRUE,ORACLEJAVA8,Conflicts TRUE,testA:TRUE;RUN:;FAILURE:;ERROR:;SKIP:;PASS:,testB:TRUE;RUN:;FAILURE:;ERROR:;SKIP:;PASS:,,generate A TRUE,generate B TRUE,gen_code_A_test_A:SUCCESS;RUN:1;FAILURE:0;ERROR:0;SKIP:0;PASS:1,gen_code_B_test_A:SUCCESS;RUN:1;FAILURE:0;ERROR:0;SKIP:0;PASS:1,gen_code_A_test_B:SUCCESS;RUN:1;FAILURE:0;ERROR:0;SKIP:0;PASS:1,gen_code_B_test_B:SUCCESS;RUN:1;FAILURE:0;ERROR:0;SKIP:0;PASS:1,evosuite:same(cannot distinguish),gpt_code_A_test_A:SUCCESS;RUN:5;FAILURE:0;ERROR:0;SKIP:0;PASS:5,gpt_code_B_test_A:FAIL;RUN:none;FAILURE:none;ERROR:none;SKIP:none;PASS:none,gpt_code_A_test_B:FAIL;RUN:none;FAILURE:none;ERROR:none;SKIP:none;PASS:none,gpt_code_B_test_B:SUCCESS;RUN:1;FAILURE:0;ERROR:0;SKIP:0;PASS:1,gpt:cat,,
https://github.com/DiUS/java-faker,java-faker,102807f3021ae9ba4c822796ef73f8379b6e86fb,src/main/java/com/github/javafaker/Faker.java,cat,Clone TRUE,Compile TRUE,ORACLEJAVA8,Conflicts TRUE,testA:FALSE;RUN:;FAILURE:;ERROR:;SKIP:;PASS:,testB:FALSE;RUN:;FAILURE:;ERROR:;SKIP:;PASS:,,generate A TRUE,generate B TRUE,gen_code_A_test_A:SUCCESS;RUN:103;FAILURE:0;ERROR:0;SKIP:0;PASS:103,gen_code_B_test_A:FAIL;RUN:none;FAILURE:none;ERROR:none;SKIP:none;PASS:none,gen_code_A_test_B:SUCCESS;RUN:114;FAILURE:0;ERROR:0;SKIP:0;PASS:114,gen_code_B_test_B:SUCCESS;RUN:114;FAILURE:0;ERROR:0;SKIP:0;PASS:114,evosuite:A(wrong),gpt_code_A_test_A:SUCCESS;RUN:1;FAILURE:0;ERROR:0;SKIP:0;PASS:1,gpt_code_B_test_A:FAIL;RUN:none;FAILURE:none;ERROR:none;SKIP:none;PASS:none,gpt_code_A_test_B:FAIL;RUN:none;FAILURE:none;ERROR:none;SKIP:none;PASS:none,gpt_code_B_test_B:SUCCESS;RUN:1;FAILURE:0;ERROR:0;SKIP:0;PASS:1,gpt:cat,,
https://github.com/Adyen/adyen-java-api-library,adyen-java-api-library,ab334a75f5bb10cc8cb58153f451d43445dc307e,src/main/java/com/adyen/model/checkout/details/GooglePayDetails.java,cat,Clone TRUE,Compile TRUE,ORACLEJAVA8,Conflicts TRUE,testA:TRUE;RUN:259;FAILURE:0;ERROR:0;SKIP:0;PASS:259,testB:TRUE;RUN:259;FAILURE:0;ERROR:0;SKIP:0;PASS:259,existing:cat,generate A TRUE,generate B TRUE,gen_code_A_test_A:SUCCESS;RUN:29;FAILURE:0;ERROR:0;SKIP:0;PASS:29,gen_code_B_test_A:SUCCESS;RUN:29;FAILURE:0;ERROR:0;SKIP:0;PASS:29,gen_code_A_test_B:SUCCESS;RUN:28;FAILURE:0;ERROR:0;SKIP:0;PASS:28,gen_code_B_test_B:SUCCESS;RUN:28;FAILURE:0;ERROR:0;SKIP:0;PASS:28,evosuite:same(cannot distinguish),,,,,,,
https://github.com/confluentinc/kafka-streams-examples,kafka-streams-examples,e2d41928bb1ea8fc1174ac0216d3b764f62f8cad,src/main/java/io/confluent/examples/streams/microservices/OrdersService.java,cat,Clone TRUE,Compile TRUE,ORACLEJAVA8,Conflicts TRUE,testA:;RUN:1;FAILURE:0;ERROR:0;SKIP:0;PASS:1,testB:;RUN:1;FAILURE:0;ERROR:0;SKIP:0;PASS:1,existing:cat,generate A FALSE,generate B FALSE,,,,,evosuite:same(fail),,,,,,,
https://github.com/zstackio/zstack,zstack,a2893519131f978a5c9b8ed64ad0ce89bc6bbd33,sdk/src/main/java/SourceClassMap.java,cat,Clone TRUE,Compile TRUE,ORACLEJAVA8,Conflicts TRUE,testA:TRUE;RUN:;FAILURE:;ERROR:;SKIP:;PASS:,testB:TRUE;RUN:;FAILURE:;ERROR:;SKIP:;PASS:,,generate A FALSE,generate B FALSE,,,,,evosuite:same(fail),gpt_code_A_test_A:FAIL;RUN:1;FAILURE:1;ERROR:0;SKIP:0;PASS:0,gpt_code_B_test_A:FAIL;RUN:1;FAILURE:1;ERROR:0;SKIP:0;PASS:0,gpt_code_A_test_B:FAIL;RUN:1;FAILURE:1;ERROR:0;SKIP:0;PASS:0,gpt_code_B_test_B:FAIL;RUN:1;FAILURE:1;ERROR:0;SKIP:0;PASS:0,gpt:same(fail),human:cat,
https://github.com/microsoft/mssql-jdbc,mssql-jdbc,f88b361dd6930db87a3d4656aa05660e508c35cc,src/main/java/com/microsoft/sqlserver/jdbc/SQLServerResource.java,cat,Clone TRUE,Compile TRUE,ORACLEJAVA8,Conflicts TRUE,testA:FALSE;RUN:52;FAILURE:46;ERROR:1;SKIP:4;PASS:1,testB:FALSE;RUN:52;FAILURE:46;ERROR:1;SKIP:4;PASS:1,,generate A TRUE,generate B TRUE,gen_code_A_test_A:SUCCESS;RUN:4;FAILURE:0;ERROR:0;SKIP:0;PASS:4,gen_code_B_test_A:FAIL;RUN:4;FAILURE:1;ERROR:0;SKIP:0;PASS:3,gen_code_A_test_B:FAIL;RUN:4;FAILURE:1;ERROR:0;SKIP:0;PASS:3,gen_code_B_test_B:SUCCESS;RUN:4;FAILURE:0;ERROR:0;SKIP:0;PASS:4,evosuite:cat,,,,,,,
https://github.com/DiUS/java-faker,java-faker,54149209be7428d6580269758b5a0a01d945bd11,src/main/java/com/github/javafaker/Faker.java,cat,Clone TRUE,Compile TRUE,ORACLEJAVA8,Conflicts TRUE,testA:FALSE;RUN:;FAILURE:;ERROR:;SKIP:;PASS:,testB:FALSE;RUN:;FAILURE:;ERROR:;SKIP:;PASS:,,generate A TRUE,generate B TRUE,gen_code_A_test_A:SUCCESS;RUN:111;FAILURE:0;ERROR:0;SKIP:0;PASS:111,gen_code_B_test_A:FAIL;RUN:none;FAILURE:none;ERROR:none;SKIP:none;PASS:none,gen_code_A_test_B:FAIL;RUN:none;FAILURE:none;ERROR:none;SKIP:none;PASS:none,gen_code_B_test_B:SUCCESS;RUN:111;FAILURE:0;ERROR:0;SKIP:0;PASS:111,evosuite:cat,,,,,,,
https://github.com/jknack/handlebars.java,handlebars.java,8990312cc644125e63fa0e0ef9cda3c099aacf24,handlebars/src/main/java/com/github/jknack/handlebars/Handlebars.java,cat,Clone TRUE,Compile TRUE,ORACLEJAVA8,Conflicts TRUE,testA:FALSE;RUN:553;FAILURE:1;ERROR:19;SKIP:0;PASS:533,testB:FALSE;RUN:553;FAILURE:1;ERROR:19;SKIP:0;PASS:533,,generate A TRUE,generate B TRUE,gen_code_A_test_A:FAIL;RUN:96;FAILURE:0;ERROR:2;SKIP:0;PASS:94,gen_code_B_test_A:FAIL;RUN:none;FAILURE:none;ERROR:none;SKIP:none;PASS:none,gen_code_A_test_B:FAIL;RUN:none;FAILURE:none;ERROR:none;SKIP:none;PASS:none,gen_code_B_test_B:FAIL;RUN:117;FAILURE:0;ERROR:2;SKIP:1;PASS:114,evosuite:cat,,,,,,,
https://github.com/jeremiehuchet/nominatim-java-api,nominatim-java-api,b78da44a2b77e7e91a462e26c310ba242453d58c,src/main/java/fr/dudie/nominatim/model/Address.java,cat,Clone TRUE,Compile TRUE,ORACLEJAVA8,Conflicts TRUE,testA:;RUN:6;FAILURE:0;ERROR:0;SKIP:0;PASS:6,testB:;RUN:6;FAILURE:0;ERROR:0;SKIP:0;PASS:6,,generate A TRUE,generate B TRUE,gen_code_A_test_A:SUCCESS;RUN:51;FAILURE:0;ERROR:0;SKIP:0;PASS:51,gen_code_B_test_A:FAIL;RUN:none;FAILURE:none;ERROR:none;SKIP:none;PASS:none,gen_code_A_test_B:FAIL;RUN:none;FAILURE:none;ERROR:none;SKIP:none;PASS:none,gen_code_B_test_B:SUCCESS;RUN:53;FAILURE:0;ERROR:0;SKIP:0;PASS:53,evosuite:cat,,,,,,,
https://github.com/semuxproject/semux-core,semux-core,7b16c98e4b850227ed4bf5ea34ad2c52372fc64e,src/main/java/org/semux/gui/dialog/DelegateDialog.java,cat,Clone TRUE,Compile TRUE,ORACLEJAVA8,Conflicts TRUE,testA:TRUE;RUN:120;FAILURE:0;ERROR:0;SKIP:0;PASS:120,testB:TRUE;RUN:120;FAILURE:0;ERROR:0;SKIP:0;PASS:120,existing:cat,generate A TRUE,generate B TRUE,gen_code_A_test_A:SUCCESS;RUN:1;FAILURE:0;ERROR:0;SKIP:0;PASS:1,gen_code_B_test_A:SUCCESS;RUN:1;FAILURE:0;ERROR:0;SKIP:0;PASS:1,gen_code_A_test_B:SUCCESS;RUN:1;FAILURE:0;ERROR:0;SKIP:0;PASS:1,gen_code_B_test_B:SUCCESS;RUN:1;FAILURE:0;ERROR:0;SKIP:0;PASS:1,evosuite:same(cannot distinguish),,,,,,,
https://github.com/IQSS/dataverse,dataverse,277634356f398d3bd6d1ea0dae86c45c87bc3d2b,src/main/java/edu/harvard/iq/dataverse/SettingsWrapper.java,cat,Clone TRUE,Compile TRUE,ORACLEJAVA8,Conflicts TRUE,testA:TRUE;RUN:334;FAILURE:0;ERROR:0;SKIP:0;PASS:334,testB:TRUE;RUN:334;FAILURE:0;ERROR:0;SKIP:0;PASS:334,,generate A FALSE,generate B FALSE,,,,,evosuite:same(fail),gpt_code_A_test_A:SUCCESS;RUN:1;FAILURE:0;ERROR:0;SKIP:0;PASS:1,gpt_code_B_test_A:FAIL;RUN:none;FAILURE:none;ERROR:none;SKIP:none;PASS:none,gpt_code_A_test_B:FAIL;RUN:none;FAILURE:none;ERROR:none;SKIP:none;PASS:none,gpt_code_B_test_B:SUCCESS;RUN:1;FAILURE:0;ERROR:0;SKIP:0;PASS:1,gpt:cat,,
https://github.com/DiUS/java-faker,java-faker,b51bafda5ae7a5b54379288154df0062a85640f8,src/main/java/com/github/javafaker/Faker.java,cat,Clone TRUE,Compile TRUE,ORACLEJAVA8,Conflicts TRUE,testA:FALSE;RUN:;FAILURE:;ERROR:;SKIP:;PASS:,testB:FALSE;RUN:;FAILURE:;ERROR:;SKIP:;PASS:,,generate A TRUE,generate B TRUE,gen_code_A_test_A:SUCCESS;RUN:105;FAILURE:0;ERROR:0;SKIP:0;PASS:105,gen_code_B_test_A:FAIL;RUN:none;FAILURE:none;ERROR:none;SKIP:none;PASS:none,gen_code_A_test_B:FAIL;RUN:none;FAILURE:none;ERROR:none;SKIP:none;PASS:none,gen_code_B_test_B:SUCCESS;RUN:104;FAILURE:0;ERROR:0;SKIP:0;PASS:104,evosuite:cat,,,,,,,
https://github.com/DiUS/java-faker,java-faker,b3d4c3f09771e46cc29c884c28d352615323c735,src/main/java/com/github/javafaker/Faker.java,cat,Clone TRUE,Compile TRUE,ORACLEJAVA8,Conflicts TRUE,testA:FALSE;RUN:;FAILURE:;ERROR:;SKIP:;PASS:,testB:FALSE;RUN:;FAILURE:;ERROR:;SKIP:;PASS:,,generate A TRUE,generate B TRUE,gen_code_A_test_A:SUCCESS;RUN:8;FAILURE:0;ERROR:0;SKIP:0;PASS:8,gen_code_B_test_A:SUCCESS;RUN:8;FAILURE:0;ERROR:0;SKIP:0;PASS:8,gen_code_A_test_B:SUCCESS;RUN:8;FAILURE:0;ERROR:0;SKIP:0;PASS:8,gen_code_B_test_B:SUCCESS;RUN:8;FAILURE:0;ERROR:0;SKIP:0;PASS:8,evosuite:same(cannot distinguish),gpt_code_A_test_A:SUCCESS;RUN:1;FAILURE:0;ERROR:0;SKIP:0;PASS:1,gpt_code_B_test_A:FAIL;RUN:none;FAILURE:none;ERROR:none;SKIP:none;PASS:none,gpt_code_A_test_B:FAIL;RUN:none;FAILURE:none;ERROR:none;SKIP:none;PASS:none,gpt_code_B_test_B:SUCCESS;RUN:1;FAILURE:0;ERROR:0;SKIP:0;PASS:1,gpt:cat,,
https://github.com/pmd/pmd,pmd,9d302ed96940f932a5d64929fbed6e8f63bbc411,pmd/src/main/java/net/sourceforge/pmd/cpd/GUI.java,cat,Clone TRUE,Compile TRUE,ORACLEJAVA8,Conflicts TRUE,testA:FALSE;RUN:901;FAILURE:6;ERROR:2;SKIP:7;PASS:886,testB:FALSE;RUN:901;FAILURE:6;ERROR:2;SKIP:7;PASS:886,,generate A TRUE,generate B TRUE,gen_code_A_test_A:SUCCESS;RUN:2;FAILURE:0;ERROR:0;SKIP:0;PASS:2,gen_code_B_test_A:SUCCESS;RUN:2;FAILURE:0;ERROR:0;SKIP:0;PASS:2,gen_code_A_test_B:SUCCESS;RUN:2;FAILURE:0;ERROR:0;SKIP:0;PASS:2,gen_code_B_test_B:SUCCESS;RUN:2;FAILURE:0;ERROR:0;SKIP:0;PASS:2,evosuite:same(cannot distinguish),gpt_code_A_test_A:none,gpt_code_B_test_A:none,gpt_code_A_test_B:none,gpt_code_B_test_B:none,gpt:same(fail),human:cat,
https://github.com/iluwatar/java-design-patterns,java-design-patterns,5646937d528b7801f45433632d66d0f43b969dce,singleton/src/main/java/com/iluwatar/App.java,cat,Clone TRUE,Compile TRUE,ORACLEJAVA8,Conflicts TRUE,testA:TRUE;RUN:;FAILURE:;ERROR:;SKIP:;PASS:,testB:TRUE;RUN:;FAILURE:;ERROR:;SKIP:;PASS:,,generate A TRUE,generate B TRUE,gen_code_A_test_A:SUCCESS;RUN:2;FAILURE:0;ERROR:0;SKIP:0;PASS:2,gen_code_B_test_A:SUCCESS;RUN:2;FAILURE:0;ERROR:0;SKIP:0;PASS:2,gen_code_A_test_B:SUCCESS;RUN:2;FAILURE:0;ERROR:0;SKIP:0;PASS:2,gen_code_B_test_B:SUCCESS;RUN:2;FAILURE:0;ERROR:0;SKIP:0;PASS:2,evosuite:same(cannot distinguish),gpt_code_A_test_A:FAIL;RUN:none;FAILURE:none;ERROR:none;SKIP:none;PASS:none,gpt_code_B_test_A:FAIL;RUN:none;FAILURE:none;ERROR:none;SKIP:none;PASS:none,gpt_code_A_test_B:none,gpt_code_B_test_B:none,gpt:same(cannot distinguish),human:cat,
https://github.com/nowina-solutions/nexu,nexu,ad7ba771a1920c417eb58534a7a960f256272228,nexu-api/src/main/java/lu/nowina/nexu/api/AppConfig.java,cat,Clone TRUE,Compile TRUE,ORACLEJAVA8,Conflicts TRUE,testA:TRUE;RUN:16;FAILURE:0;ERROR:0;SKIP:0;PASS:16,testB:TRUE;RUN:16;FAILURE:0;ERROR:0;SKIP:0;PASS:16,,generate A TRUE,generate B TRUE,gen_code_A_test_A:SUCCESS;RUN:85;FAILURE:0;ERROR:0;SKIP:0;PASS:85,gen_code_B_test_A:FAIL;RUN:none;FAILURE:none;ERROR:none;SKIP:none;PASS:none,gen_code_A_test_B:FAIL;RUN:none;FAILURE:none;ERROR:none;SKIP:none;PASS:none,gen_code_B_test_B:SUCCESS;RUN:88;FAILURE:0;ERROR:0;SKIP:0;PASS:88,evosuite:cat,,,,,,,
https://github.com/DiUS/java-faker,java-faker,f694c4a84ee5d48d3cd8606c1026c9c4a7f7ac43,src/main/java/com/github/javafaker/Faker.java,cat,Clone TRUE,Compile TRUE,ORACLEJAVA8,Conflicts TRUE,testA:FALSE;RUN:;FAILURE:;ERROR:;SKIP:;PASS:,testB:FALSE;RUN:;FAILURE:;ERROR:;SKIP:;PASS:,,generate A TRUE,generate B TRUE,gen_code_A_test_A:SUCCESS;RUN:8;FAILURE:0;ERROR:0;SKIP:0;PASS:8,gen_code_B_test_A:SUCCESS;RUN:8;FAILURE:0;ERROR:0;SKIP:0;PASS:8,gen_code_A_test_B:SUCCESS;RUN:8;FAILURE:0;ERROR:0;SKIP:0;PASS:8,gen_code_B_test_B:SUCCESS;RUN:8;FAILURE:0;ERROR:0;SKIP:0;PASS:8,evosuite:same(cannot distinguish),gpt_code_A_test_A:SUCCESS;RUN:1;FAILURE:0;ERROR:0;SKIP:0;PASS:1,gpt_code_B_test_A:FAIL;RUN:none;FAILURE:none;ERROR:none;SKIP:none;PASS:none,gpt_code_A_test_B:FAIL;RUN:none;FAILURE:none;ERROR:none;SKIP:none;PASS:none,gpt_code_B_test_B:SUCCESS;RUN:1;FAILURE:0;ERROR:0;SKIP:0;PASS:1,gpt:cat,,
https://github.com/EclairJS/eclairjs-nashorn,eclairjs-nashorn,f507d3ec2857eb30e2356ff23104475e0f3a5487,src/main/java/org/eclairjs/nashorn/SparkBootstrap.java,cat,Clone TRUE,Compile TRUE,ORACLEJAVA8,Conflicts TRUE,testA:FALSE;RUN:119;FAILURE:0;ERROR:64;SKIP:0;PASS:55,testB:FALSE;RUN:119;FAILURE:0;ERROR:64;SKIP:0;PASS:55,,generate A TRUE,generate B TRUE,gen_code_A_test_A:SUCCESS;RUN:3;FAILURE:0;ERROR:0;SKIP:0;PASS:3,gen_code_B_test_A:SUCCESS;RUN:3;FAILURE:0;ERROR:0;SKIP:0;PASS:3,gen_code_A_test_B:FAIL;RUN:3;FAILURE:0;ERROR:1;SKIP:0;PASS:2,gen_code_B_test_B:FAIL;RUN:3;FAILURE:0;ERROR:1;SKIP:0;PASS:2,evosuite:same(cannot distinguish),gpt_code_A_test_A:FAIL;RUN:1;FAILURE:1;ERROR:0;SKIP:0;PASS:0,gpt_code_B_test_A:FAIL;RUN:1;FAILURE:1;ERROR:0;SKIP:0;PASS:0,gpt_code_A_test_B:FAIL;RUN:none;FAILURE:none;ERROR:none;SKIP:none;PASS:none,gpt_code_B_test_B:FAIL;RUN:none;FAILURE:none;ERROR:none;SKIP:none;PASS:none,gpt:same(fail),human:cat,
https://github.com/YANG-DB/yang-db,yang-db,f544f4b11f5d21a117cf60878c96181dcfc2680d,fuse-model/src/main/java/com/kayhut/fuse/model/execution/plan/Plan.java,A,Clone TRUE,Compile TRUE,ORACLEJAVA8,Conflicts TRUE,testA:TRUE;RUN:11;FAILURE:0;ERROR:0;SKIP:0;PASS:11,testB:TRUE;RUN:11;FAILURE:0;ERROR:0;SKIP:0;PASS:11,,generate A FALSE,generate B FALSE,,,,,evosuite:same(fail),gpt_code_A_test_A:SUCCESS;RUN:2;FAILURE:0;ERROR:0;SKIP:0;PASS:2,gpt_code_B_test_A:FAIL;RUN:2;FAILURE:2;ERROR:0;SKIP:0;PASS:0,gpt_code_A_test_B:FAIL;RUN:2;FAILURE:0;ERROR:1;SKIP:0;PASS:1,gpt_code_B_test_B:SUCCESS;RUN:2;FAILURE:0;ERROR:0;SKIP:0;PASS:2,gpt:B,,wrong_ref:B
https://github.com/caelum/mamute,mamute,de4feba3716d9d1de4fd92e3710bf8c0a96aecd9,src/main/java/br/com/caelum/brutal/model/Question.java,A,Clone TRUE,Compile TRUE,ORACLEJAVA8,Conflicts TRUE,testA:FALSE;RUN:10;FAILURE:0;ERROR:5;SKIP:0;PASS:5,testB:FALSE;RUN:10;FAILURE:0;ERROR:5;SKIP:0;PASS:5,,generate A FALSE,generate B FALSE,,,,,evosuite:same(fail),gpt_code_A_test_A:SUCCESS;RUN:3;FAILURE:0;ERROR:0;SKIP:0;PASS:3,gpt_code_B_test_A:FAIL;RUN:none;FAILURE:none;ERROR:none;SKIP:none;PASS:none,gpt_code_A_test_B:SUCCESS;RUN:1;FAILURE:0;ERROR:0;SKIP:0;PASS:1,gpt_code_B_test_B:SUCCESS;RUN:1;FAILURE:0;ERROR:0;SKIP:0;PASS:1,gpt:A,,
https://github.com/CorfuDB/CorfuDB,CorfuDB,77bc67c4d71fcd4622bd2548090911ec35207857,src/main/java/org/corfudb/infrastructure/LayoutServer.java,A,Clone TRUE,Compile TRUE,ORACLEJAVA8,Conflicts TRUE,testA:FALSE;RUN:;FAILURE:;ERROR:;SKIP:;PASS:,testB:FALSE;RUN:;FAILURE:;ERROR:;SKIP:;PASS:,,generate A TRUE,generate B TRUE,gen_code_A_test_A:SUCCESS;RUN:13;FAILURE:0;ERROR:0;SKIP:0;PASS:13,gen_code_B_test_A:FAIL;RUN:none;FAILURE:none;ERROR:none;SKIP:none;PASS:none,gen_code_A_test_B:SUCCESS;RUN:2;FAILURE:0;ERROR:0;SKIP:0;PASS:2,gen_code_B_test_B:SUCCESS;RUN:2;FAILURE:0;ERROR:0;SKIP:0;PASS:2,evosuite:A,,,,,,,
https://github.com/linkedin/camus,camus,94ecd8cac46d23ae6dfd40fb37d149660ed2cf34,camus-sweeper/src/main/java/com/linkedin/camus/sweeper/CamusSweeper.java,A,Clone TRUE,Compile TRUE,ORACLEJAVA8,Conflicts TRUE,testA:TRUE;RUN:;FAILURE:;ERROR:;SKIP:;PASS:,testB:TRUE;RUN:;FAILURE:;ERROR:;SKIP:;PASS:,,generate A TRUE,generate B TRUE,gen_code_A_test_A:SUCCESS;RUN:10;FAILURE:0;ERROR:0;SKIP:0;PASS:10,gen_code_B_test_A:SUCCESS;RUN:10;FAILURE:0;ERROR:0;SKIP:0;PASS:10,gen_code_A_test_B:SUCCESS;RUN:10;FAILURE:0;ERROR:0;SKIP:0;PASS:10,gen_code_B_test_B:SUCCESS;RUN:10;FAILURE:0;ERROR:0;SKIP:0;PASS:10,evosuite:same(cannot distinguish),,,,,gpt:same(false),human:A,
https://github.com/liquibase/liquibase,liquibase,b69b81291b272916ae9fec562f0a9928fd024207,liquibase-core/src/main/java/liquibase/command/core/RegisterChangeLogCommand.java,A,Clone TRUE,Compile TRUE,ORACLEJAVA8,Conflicts TRUE,testA:FALSE;RUN:2674;FAILURE:3;ERROR:0;SKIP:6;PASS:2665,testB:TRUE;RUN:2674;FAILURE:0;ERROR:0;SKIP:6;PASS:2668,existing:B,generate A FALSE,generate B FALSE,,,,,evosuite:same(fail),,,,,,,wrong_ref:B
https://github.com/jmrozanec/cron-utils,cron-utils,4aed758c45cbad3882d465ddbd766c7e4676078c,src/main/java/com/cronutils/model/field/expression/QuestionMark.java,A,Clone TRUE,Compile TRUE,ORACLEJAVA8,Conflicts TRUE,testA:TRUE;RUN:472;FAILURE:0;ERROR:0;SKIP:1;PASS:471,testB:TRUE;RUN:472;FAILURE:0;ERROR:0;SKIP:1;PASS:471,,generate A TRUE,generate B TRUE,gen_code_A_test_A:SUCCESS;RUN:2;FAILURE:0;ERROR:0;SKIP:0;PASS:2,gen_code_B_test_A:SUCCESS;RUN:2;FAILURE:0;ERROR:0;SKIP:0;PASS:2,gen_code_A_test_B:SUCCESS;RUN:2;FAILURE:0;ERROR:0;SKIP:0;PASS:2,gen_code_B_test_B:SUCCESS;RUN:2;FAILURE:0;ERROR:0;SKIP:0;PASS:2,evosuite:same(cannot distinguish),gpt_code_A_test_A:SUCCESS;RUN:2;FAILURE:0;ERROR:0;SKIP:0;PASS:2,gpt_code_B_test_A:SUCCESS;RUN:2;FAILURE:0;ERROR:0;SKIP:0;PASS:2,gpt_code_A_test_B:SUCCESS;RUN:2;FAILURE:0;ERROR:0;SKIP:0;PASS:2,gpt_code_B_test_B:SUCCESS;RUN:2;FAILURE:0;ERROR:0;SKIP:0;PASS:2,gpt:same(cannot distinguish),human:same,
https://github.com/arangodb/arangodb-java-driver,arangodb-java-driver,05f797ca2da7d1b33ffa25be83962b543a7efb26,src/main/java/com/arangodb/ArangoDriver.java,A,Clone TRUE,Compile TRUE,ORACLEJAVA8,Conflicts TRUE,testA:FALSE;RUN:248;FAILURE:18;ERROR:216;SKIP:6;PASS:8,testB:FALSE;RUN:248;FAILURE:18;ERROR:216;SKIP:6;PASS:8,,generate A TRUE,generate B TRUE,gen_code_A_test_A:SUCCESS;RUN:301;FAILURE:0;ERROR:0;SKIP:0;PASS:301,gen_code_B_test_A:SUCCESS;RUN:301;FAILURE:0;ERROR:0;SKIP:0;PASS:301,gen_code_A_test_B:SUCCESS;RUN:297;FAILURE:0;ERROR:0;SKIP:0;PASS:297,gen_code_B_test_B:SUCCESS;RUN:297;FAILURE:0;ERROR:0;SKIP:0;PASS:297,evosuite:same(cannot distinguish),gpt_code_A_test_A:FAIL;RUN:1;FAILURE:1;ERROR:0;SKIP:0;PASS:0,gpt_code_B_test_A:FAIL;RUN:1;FAILURE:1;ERROR:0;SKIP:0;PASS:0,gpt_code_A_test_B:FAIL;RUN:1;FAILURE:0;ERROR:1;SKIP:0;PASS:0,gpt_code_B_test_B:FAIL;RUN:1;FAILURE:0;ERROR:1;SKIP:0;PASS:0,gpt:same(fail),,
https://github.com/cerberustesting/cerberus-source,cerberus-source,e51adab48e2a7562e22148b6a5883548ea2a8bc6,source/src/main/java/org/cerberus/engine/gwt/impl/ActionService.java,A,Clone TRUE,Compile TRUE,ORACLEJAVA8,Conflicts TRUE,testA:TRUE;RUN:155;FAILURE:0;ERROR:0;SKIP:10;PASS:145,testB:TRUE;RUN:155;FAILURE:0;ERROR:0;SKIP:10;PASS:145,,generate A FALSE,generate B FALSE,,,,,evosuite:same(fail),gpt_code_A_test_A:FAIL;RUN:none;FAILURE:none;ERROR:none;SKIP:none;PASS:none,gpt_code_B_test_A:FAIL;RUN:none;FAILURE:none;ERROR:none;SKIP:none;PASS:none,gpt_code_A_test_B:FAIL;RUN:none;FAILURE:none;ERROR:none;SKIP:none;PASS:none,gpt_code_B_test_B:FAIL;RUN:none;FAILURE:none;ERROR:none;SKIP:none;PASS:none,gpt:same(fail),human:A,
https://github.com/chocoteam/choco-solver,choco-solver,8ef718767b9983e4d6e193ebe814c56e275a81e0,src/main/java/org/chocosolver/solver/search/strategy/Search.java,A,Clone TRUE,Compile TRUE,ORACLEJAVA8,Conflicts TRUE,testA:;RUN:;FAILURE:;ERROR:;SKIP:;PASS:,testB:;RUN:;FAILURE:;ERROR:;SKIP:;PASS:,,generate A TRUE,generate B TRUE,gen_code_A_test_A:FAIL;RUN:0;FAILURE:0;ERROR:0;SKIP:0;PASS:0,gen_code_B_test_A:FAIL;RUN:0;FAILURE:0;ERROR:0;SKIP:0;PASS:0,gen_code_A_test_B:FAIL;RUN:0;FAILURE:0;ERROR:0;SKIP:0;PASS:0,gen_code_B_test_B:FAIL;RUN:0;FAILURE:0;ERROR:0;SKIP:0;PASS:0,evosuite:same(fail),gpt_code_A_test_A:FAIL;RUN:0;FAILURE:0;ERROR:0;SKIP:0;PASS:0,gpt_code_B_test_A:FAIL;RUN:0;FAILURE:0;ERROR:0;SKIP:0;PASS:0,gpt_code_A_test_B:FAIL;RUN:0;FAILURE:0;ERROR:0;SKIP:0;PASS:0,gpt_code_B_test_B:FAIL;RUN:0;FAILURE:0;ERROR:0;SKIP:0;PASS:0,gpt:same(fail),human:B,wrong_ref:B
https://github.com/OpenAPITools/openapi-generator,openapi-generator,9e3c7781bb0eb0d8b658a0485e248f47e03ed88a,modules/openapi-generator/src/main/java/org/openapitools/codegen/languages/ClojureClientCodegen.java,B,Clone TRUE,Compile TRUE,ORACLEJAVA8,Conflicts TRUE,testA:TRUE;RUN:473;FAILURE:0;ERROR:0;SKIP:0;PASS:473,testB:TRUE;RUN:473;FAILURE:0;ERROR:0;SKIP:0;PASS:473,,generate A TRUE,generate B TRUE,gen_code_A_test_A:SUCCESS;RUN:50;FAILURE:0;ERROR:0;SKIP:0;PASS:50,gen_code_B_test_A:FAIL;RUN:none;FAILURE:none;ERROR:none;SKIP:none;PASS:none,gen_code_A_test_B:FAIL;RUN:43;FAILURE:2;ERROR:0;SKIP:0;PASS:41,gen_code_B_test_B:SUCCESS;RUN:43;FAILURE:0;ERROR:0;SKIP:0;PASS:43,evosuite:A,,,,,,,wrong_ref:A
https://github.com/Alluxio/alluxio,alluxio,4bb6077121034ea644dd1ff1ed27a08c001c2d22,common/src/main/java/tachyon/thrift/WorkerService.java,B,Clone TRUE,Compile TRUE,ORACLEJAVA8,Conflicts TRUE,testA:FALSE;RUN:;FAILURE:;ERROR:;SKIP:;PASS:,testB:TRUE;RUN:394;FAILURE:0;ERROR:0;SKIP:0;PASS:394,,generate A TRUE,generate B TRUE,gen_code_A_test_A:;RUN:none;FAILURE:none;ERROR:none;SKIP:none;PASS:none,gen_code_B_test_A:;RUN:none;FAILURE:none;ERROR:none;SKIP:none;PASS:none,gen_code_A_test_B:;RUN:none;FAILURE:none;ERROR:none;SKIP:none;PASS:none,gen_code_B_test_B:;RUN:none;FAILURE:none;ERROR:none;SKIP:none;PASS:none,evosuite:same(fail),gpt_code_A_test_A:FAIL;RUN:none;FAILURE:none;ERROR:none;SKIP:none;PASS:none,gpt_code_B_test_A:FAIL;RUN:none;FAILURE:none;ERROR:none;SKIP:none;PASS:none,gpt_code_A_test_B:FAIL;RUN:none;FAILURE:none;ERROR:none;SKIP:none;PASS:none,gpt_code_B_test_B:FAIL;RUN:none;FAILURE:none;ERROR:none;SKIP:none;PASS:none,gpt:same(fail),human:A,wrong_ref:A
https://github.com/pmd/pmd,pmd,1e3b1bf0b52cfe59d0be2fe65b3596e48aedb99d,pmd-core/src/main/java/net/sourceforge/pmd/lang/ast/AbstractNode.java,B,Clone TRUE,Compile TRUE,ORACLEJAVA11,Conflicts TRUE,testA:FALSE;RUN:;FAILURE:;ERROR:;SKIP:;PASS:,testB:FALSE;RUN:;FAILURE:;ERROR:;SKIP:;PASS:,,generate A TRUE,generate B TRUE,gen_code_A_test_A:FAIL;RUN:none;FAILURE:none;ERROR:none;SKIP:none;PASS:none,gen_code_B_test_A:FAIL;RUN:none;FAILURE:none;ERROR:none;SKIP:none;PASS:none,gen_code_A_test_B:FAIL;RUN:none;FAILURE:none;ERROR:none;SKIP:none;PASS:none,gen_code_B_test_B:FAIL;RUN:none;FAILURE:none;ERROR:none;SKIP:none;PASS:none,evosuite:same(fail),gpt_code_A_test_A:FAIL;RUN:none;FAILURE:none;ERROR:none;SKIP:none;PASS:none,gpt_code_B_test_A:FAIL;RUN:none;FAILURE:none;ERROR:none;SKIP:none;PASS:none,gpt_code_A_test_B:FAIL;RUN:none;FAILURE:none;ERROR:none;SKIP:none;PASS:none,gpt_code_B_test_B:FAIL;RUN:none;FAILURE:none;ERROR:none;SKIP:none;PASS:none,gpt:same(fail),human:B,
https://github.com/esig/dss,dss,e9e3c7864d264f0b1029628b3417f5f536e111d2,dss-i18n/src/main/java/eu/europa/esig/dss/i18n/MessageTag.java,cat,Clone TRUE,Compile TRUE,ORACLEJAVA11,Conflicts TRUE,testA:FALSE;RUN:7;FAILURE:1;ERROR:0;SKIP:0;PASS:6,testB:FALSE;RUN:7;FAILURE:1;ERROR:0;SKIP:0;PASS:6,,generate A TRUE,generate B TRUE,gen_code_A_test_A:FAIL;RUN:0;FAILURE:0;ERROR:0;SKIP:0;PASS:0,gen_code_B_test_A:FAIL;RUN:0;FAILURE:0;ERROR:0;SKIP:0;PASS:0,gen_code_A_test_B:FAIL;RUN:0;FAILURE:0;ERROR:0;SKIP:0;PASS:0,gen_code_B_test_B:FAIL;RUN:0;FAILURE:0;ERROR:0;SKIP:0;PASS:0,evosuite:same(fail),gpt_code_A_test_A:FAIL;RUN:0;FAILURE:0;ERROR:0;SKIP:0;PASS:0,gpt_code_B_test_A:FAIL;RUN:none;FAILURE:none;ERROR:none;SKIP:none;PASS:none,gpt_code_A_test_B:FAIL;RUN:none;FAILURE:none;ERROR:none;SKIP:none;PASS:none,gpt_code_B_test_B:FAIL;RUN:0;FAILURE:0;ERROR:0;SKIP:0;PASS:0,gpt:cat,,
https://github.com/jcabi/jcabi-github,jcabi-github,72ba99f81e38b5ae40eb538bc586a9a61b969823,src/main/java/com/jcabi/github/GhUser.java,cat,Clone TRUE,Compile TRUE,ORACLEJAVA8,Conflicts TRUE,testA:TRUE;RUN:72;FAILURE:0;ERROR:0;SKIP:0;PASS:72,testB:TRUE;RUN:71;FAILURE:0;ERROR:0;SKIP:0;PASS:71,,generate A TRUE,generate B TRUE,gen_code_A_test_A:FAIL;RUN:2;FAILURE:0;ERROR:1;SKIP:0;PASS:1,gen_code_B_test_A:FAIL;RUN:3;FAILURE:1;ERROR:1;SKIP:0;PASS:1,gen_code_A_test_B:FAIL;RUN:2;FAILURE:0;ERROR:1;SKIP:0;PASS:1,gen_code_B_test_B:FAIL;RUN:3;FAILURE:2;ERROR:1;SKIP:0;PASS:0,evosuite:same,gpt_code_A_test_A:FAIL;RUN:none;FAILURE:none;ERROR:none;SKIP:none;PASS:none,gpt_code_B_test_A:FAIL;RUN:none;FAILURE:none;ERROR:none;SKIP:none;PASS:none,gpt_code_A_test_B:FAIL;RUN:none;FAILURE:none;ERROR:none;SKIP:none;PASS:none,gpt_code_B_test_B:FAIL;RUN:none;FAILURE:none;ERROR:none;SKIP:none;PASS:none,gpt:same(fail),,
https://github.com/DiUS/java-faker,java-faker,014cc70488ebf6aae06636e83ee1e6a8b783d617,src/main/java/com/github/javafaker/Faker.java,cat,Clone TRUE,Compile TRUE,ORACLEJAVA8,Conflicts TRUE,testA:FALSE;RUN:;FAILURE:;ERROR:;SKIP:;PASS:,testB:FALSE;RUN:;FAILURE:;ERROR:;SKIP:;PASS:,,generate A TRUE,generate B TRUE,gen_code_A_test_A:SUCCESS;RUN:105;FAILURE:0;ERROR:0;SKIP:0;PASS:105,gen_code_B_test_A:FAIL;RUN:none;FAILURE:none;ERROR:none;SKIP:none;PASS:none,gen_code_A_test_B:FAIL;RUN:none;FAILURE:none;ERROR:none;SKIP:none;PASS:none,gen_code_B_test_B:SUCCESS;RUN:110;FAILURE:0;ERROR:0;SKIP:0;PASS:110,evosuite:cat,,,,,,,
https://github.com/MarginallyClever/Robot-Overlord-App,Robot-Overlord-App,d97d1b8a823619ff32b515df8581cf4d3f5f43cf,src/main/java/com/marginallyclever/robotOverlord/RobotOverlord.java,cat,Clone TRUE,Compile TRUE,ORACLEJAVA8,Conflicts TRUE,testA:TRUE;RUN:;FAILURE:;ERROR:;SKIP:;PASS:,testB:TRUE;RUN:;FAILURE:;ERROR:;SKIP:;PASS:,,generate A FALSE,generate B FALSE,,,,,evosuite:same(fail),gpt_code_A_test_A:FAIL;RUN:none;FAILURE:none;ERROR:none;SKIP:none;PASS:none,gpt_code_B_test_A:FAIL;RUN:none;FAILURE:none;ERROR:none;SKIP:none;PASS:none,gpt_code_A_test_B:FAIL;RUN:none;FAILURE:none;ERROR:none;SKIP:none;PASS:none,gpt_code_B_test_B:FAIL;RUN:none;FAILURE:none;ERROR:none;SKIP:none;PASS:none,gpt:same(fail),human:cat,
https://github.com/iyzico/iyzipay-java,iyzipay-java,7f753c94dfad0359611d05ece5815ee82ab9dd83,src/main/java/com/iyzipay/model/Cancel.java,cat,Clone TRUE,Compile TRUE,ORACLEJAVA8,Conflicts TRUE,testA:FALSE;RUN:;FAILURE:;ERROR:;SKIP:;PASS:,testB:FALSE;RUN:;FAILURE:;ERROR:;SKIP:;PASS:,,generate A TRUE,generate B TRUE,gen_code_A_test_A:SUCCESS;RUN:14;FAILURE:0;ERROR:0;SKIP:0;PASS:14,gen_code_B_test_A:FAIL;RUN:none;FAILURE:none;ERROR:none;SKIP:none;PASS:none,gen_code_A_test_B:FAIL;RUN:none;FAILURE:none;ERROR:none;SKIP:none;PASS:none,gen_code_B_test_B:SUCCESS;RUN:14;FAILURE:0;ERROR:0;SKIP:0;PASS:14,evosuite:cat,,,,,,,
https://github.com/RaiMan/SikuliX1,SikuliX1,7d947bc6988af0db59b682b9ed172a3971393890,API/src/main/java/org/sikuli/script/OCR.java,cat,Clone TRUE,Compile TRUE,ORACLEJAVA8,Conflicts TRUE,testA:TRUE;RUN:;FAILURE:;ERROR:;SKIP:;PASS:,testB:TRUE;RUN:;FAILURE:;ERROR:;SKIP:;PASS:,,generate A TRUE,generate B TRUE,gen_code_A_test_A:FAIL;RUN:73;FAILURE:1;ERROR:0;SKIP:0;PASS:72,gen_code_B_test_A:FAIL;RUN:73;FAILURE:1;ERROR:0;SKIP:0;PASS:72,gen_code_A_test_B:FAIL;RUN:76;FAILURE:2;ERROR:0;SKIP:0;PASS:74,gen_code_B_test_B:FAIL;RUN:76;FAILURE:2;ERROR:0;SKIP:0;PASS:74,evosuite:same(cannot distinguish),gpt_code_A_test_A:SUCCESS;RUN:1;FAILURE:0;ERROR:0;SKIP:0;PASS:1,gpt_code_B_test_A:SUCCESS;RUN:1;FAILURE:0;ERROR:0;SKIP:0;PASS:1,gpt_code_A_test_B:SUCCESS;RUN:1;FAILURE:0;ERROR:0;SKIP:0;PASS:1,gpt_code_B_test_B:SUCCESS;RUN:1;FAILURE:0;ERROR:0;SKIP:0;PASS:1,gpt:same(cannot distinguish),,
https://github.com/vipshop/Saturn,Saturn,11eb9266f5cb44925fe528a8b84233b8b11af299,saturn-console-core/src/main/java/com/vip/saturn/job/console/service/JobDimensionService.java,cat,Clone TRUE,Compile TRUE,ORACLEJAVA8,Conflicts TRUE,testA:TRUE;RUN:;FAILURE:;ERROR:;SKIP:;PASS:,testB:TRUE;RUN:;FAILURE:;ERROR:;SKIP:;PASS:,,generate A TRUE,generate B TRUE,gen_code_A_test_A:SUCCESS;RUN:1;FAILURE:0;ERROR:0;SKIP:0;PASS:1,gen_code_B_test_A:SUCCESS;RUN:1;FAILURE:0;ERROR:0;SKIP:0;PASS:1,gen_code_A_test_B:SUCCESS;RUN:1;FAILURE:0;ERROR:0;SKIP:0;PASS:1,gen_code_B_test_B:SUCCESS;RUN:1;FAILURE:0;ERROR:0;SKIP:0;PASS:1,evosuite:same(cannot distinguish),gpt_code_A_test_A:SUCCESS;RUN:2;FAILURE:0;ERROR:0;SKIP:0;PASS:2,gpt_code_B_test_A:FAIL;RUN:none;FAILURE:none;ERROR:none;SKIP:none;PASS:none,gpt_code_A_test_B:FAIL;RUN:none;FAILURE:none;ERROR:none;SKIP:none;PASS:none,gpt_code_B_test_B:SUCCESS;RUN:2;FAILURE:0;ERROR:0;SKIP:0;PASS:2,gpt:cat,,
https://github.com/qunarcorp/bistoury,bistoury,a4b32d79fc46c4bcf02a8a101be8827960df7773,bistoury-common/src/main/java/qunar/tc/bistoury/common/BistouryConstants.java,cat,Clone TRUE,Compile TRUE,ORACLEJAVA8,Conflicts TRUE,testA:TRUE;RUN:;FAILURE:;ERROR:;SKIP:;PASS:,testB:TRUE;RUN:;FAILURE:;ERROR:;SKIP:;PASS:,,generate A TRUE,generate B TRUE,gen_code_A_test_A:SUCCESS;RUN:1;FAILURE:0;ERROR:0;SKIP:0;PASS:1,gen_code_B_test_A:SUCCESS;RUN:1;FAILURE:0;ERROR:0;SKIP:0;PASS:1,gen_code_A_test_B:FAIL;RUN:none;FAILURE:none;ERROR:none;SKIP:none;PASS:none,gen_code_B_test_B:SUCCESS;RUN:1;FAILURE:0;ERROR:0;SKIP:0;PASS:1,evosuite:B(wrong),gpt_code_A_test_A:SUCCESS;RUN:3;FAILURE:0;ERROR:0;SKIP:0;PASS:3,gpt_code_B_test_A:FAIL;RUN:none;FAILURE:none;ERROR:none;SKIP:none;PASS:none,gpt_code_A_test_B:FAIL;RUN:none;FAILURE:none;ERROR:none;SKIP:none;PASS:none,gpt_code_B_test_B:SUCCESS;RUN:2;FAILURE:0;ERROR:0;SKIP:0;PASS:2,gpt:cat,,
https://github.com/ContainX/openstack4j,openstack4j,26ba6c7e944ae520c0b1d798adb49593fc66878f,core/src/main/java/org/openstack4j/openstack/provider/DefaultAPIProvider.java,cat,Clone TRUE,Compile TRUE,ORACLEJAVA8,Conflicts TRUE,testA:TRUE;RUN:5;FAILURE:0;ERROR:0;SKIP:0;PASS:5,testB:TRUE;RUN:5;FAILURE:0;ERROR:0;SKIP:0;PASS:5,,generate A TRUE,generate B TRUE,gen_code_A_test_A:FAIL;RUN:2;FAILURE:1;ERROR:0;SKIP:0;PASS:1,gen_code_B_test_A:FAIL;RUN:2;FAILURE:1;ERROR:0;SKIP:0;PASS:1,gen_code_A_test_B:FAIL;RUN:2;FAILURE:1;ERROR:0;SKIP:0;PASS:1,gen_code_B_test_B:FAIL;RUN:2;FAILURE:1;ERROR:0;SKIP:0;PASS:1,evosuite:same(cannot distinguish),gpt_code_A_test_A:SUCCESS;RUN:1;FAILURE:0;ERROR:0;SKIP:0;PASS:1,gpt_code_B_test_A:FAIL;RUN:1;FAILURE:1;ERROR:0;SKIP:0;PASS:0,gpt_code_A_test_B:FAIL;RUN:1;FAILURE:1;ERROR:0;SKIP:0;PASS:0,gpt_code_B_test_B:SUCCESS;RUN:1;FAILURE:0;ERROR:0;SKIP:0;PASS:1,gpt:cat,,
https://github.com/DTStack/flinkStreamSQL,flinkStreamSQL,e6ed3988bac4d4b13794dd43536bb6267a88aa12,core/src/main/java/com/dtstack/flink/sql/side/BaseAllReqRow.java,cat,Clone TRUE,Compile TRUE,ORACLEJAVA8,Conflicts TRUE,testA:FALSE;RUN:10;FAILURE:1;ERROR:1;SKIP:0;PASS:8,testB:FALSE;RUN:10;FAILURE:1;ERROR:1;SKIP:0;PASS:8,existing:B,generate A TRUE,generate B TRUE,gen_code_A_test_A:SUCCESS;RUN:1;FAILURE:0;ERROR:0;SKIP:0;PASS:1,gen_code_B_test_A:SUCCESS;RUN:1;FAILURE:0;ERROR:0;SKIP:0;PASS:1,gen_code_A_test_B:SUCCESS;RUN:1;FAILURE:0;ERROR:0;SKIP:0;PASS:1,gen_code_B_test_B:SUCCESS;RUN:1;FAILURE:0;ERROR:0;SKIP:0;PASS:1,evosuite:same(cannot distinguish),,,,,,,wrong_ref:B
https://github.com/stormpath/stormpath-sdk-java,stormpath-sdk-java,42bbcef8903b17094bbe1d7dd468ea9d80e3884d,api/src/main/java/com/stormpath/sdk/account/Account.java,cat,Clone TRUE,Compile TRUE,ORACLEJAVA8,Conflicts TRUE,testA:TRUE;RUN:3;FAILURE:0;ERROR:0;SKIP:0;PASS:3,testB:TRUE;RUN:3;FAILURE:0;ERROR:0;SKIP:0;PASS:3,,generate A TRUE,generate B TRUE,gen_code_A_test_A:SUCCESS;RUN:1;FAILURE:0;ERROR:0;SKIP:0;PASS:1,gen_code_B_test_A:SUCCESS;RUN:1;FAILURE:0;ERROR:0;SKIP:0;PASS:1,gen_code_A_test_B:SUCCESS;RUN:1;FAILURE:0;ERROR:0;SKIP:0;PASS:1,gen_code_B_test_B:SUCCESS;RUN:1;FAILURE:0;ERROR:0;SKIP:0;PASS:1,evosuite:same(cannot distinguish),gpt_code_A_test_A:SUCCESS;RUN:2;FAILURE:0;ERROR:0;SKIP:0;PASS:2,gpt_code_B_test_A:FAIL;RUN:none;FAILURE:none;ERROR:none;SKIP:none;PASS:none,gpt_code_A_test_B:FAIL;RUN:none;FAILURE:none;ERROR:none;SKIP:none;PASS:none,gpt_code_B_test_B:SUCCESS;RUN:1;FAILURE:0;ERROR:0;SKIP:0;PASS:1,gpt:cat,,
https://github.com/apache/incubator-streampipes,incubator-streampipes,63bfd7e81123658382210dd6597dd0b45f40e18e,streampipes-vocabulary/src/main/java/org/streampipes/vocabulary/StreamPipes.java,cat,Clone TRUE,Compile TRUE,ORACLEJAVA8,Conflicts TRUE,testA:TRUE;RUN:;FAILURE:;ERROR:;SKIP:;PASS:,testB:TRUE;RUN:;FAILURE:;ERROR:;SKIP:;PASS:,,generate A TRUE,generate B TRUE,gen_code_A_test_A:SUCCESS;RUN:1;FAILURE:0;ERROR:0;SKIP:0;PASS:1,gen_code_B_test_A:SUCCESS;RUN:1;FAILURE:0;ERROR:0;SKIP:0;PASS:1,gen_code_A_test_B:SUCCESS;RUN:1;FAILURE:0;ERROR:0;SKIP:0;PASS:1,gen_code_B_test_B:SUCCESS;RUN:1;FAILURE:0;ERROR:0;SKIP:0;PASS:1,evosuite:same(cannot distinguish),gpt_code_A_test_A:SUCCESS;RUN:10;FAILURE:0;ERROR:0;SKIP:0;PASS:10,gpt_code_B_test_A:FAIL;RUN:none;FAILURE:none;ERROR:none;SKIP:none;PASS:none,gpt_code_A_test_B:FAIL;RUN:none;FAILURE:none;ERROR:none;SKIP:none;PASS:none,gpt_code_B_test_B:SUCCESS;RUN:3;FAILURE:0;ERROR:0;SKIP:0;PASS:3,gpt:cat,,
https://github.com/liveontologies/elk-reasoner,elk-reasoner,a5b5b2588bf60f1788bcd17d60b38b4b7d396c4f,elk-util-parent/elk-util-collections/src/main/java/org/semanticweb/elk/util/collections/ArrayHashSet.java,cat,Clone TRUE,Compile TRUE,ORACLEJAVA8,Conflicts TRUE,testA:TRUE;RUN:6;FAILURE:0;ERROR:0;SKIP:0;PASS:6,testB:TRUE;RUN:6;FAILURE:0;ERROR:0;SKIP:0;PASS:6,existing:cat,generate A TRUE,generate B TRUE,gen_code_A_test_A:FAIL;RUN:none;FAILURE:none;ERROR:none;SKIP:none;PASS:none,gen_code_B_test_A:FAIL;RUN:none;FAILURE:none;ERROR:none;SKIP:none;PASS:none,gen_code_A_test_B:FAIL;RUN:none;FAILURE:none;ERROR:none;SKIP:none;PASS:none,gen_code_B_test_B:FAIL;RUN:none;FAILURE:none;ERROR:none;SKIP:none;PASS:none,evosuite:same(fail),,,,,,,
https://github.com/cflint/CFLint,CFLint,d6301e4383925868a9d93a7af8a5b0ceb2baafae,src/main/java/com/cflint/plugins/core/UnusedLocalVarChecker.java,cat,Clone TRUE,Compile TRUE,ORACLEJAVA8,Conflicts TRUE,testA:FALSE;RUN:;FAILURE:;ERROR:;SKIP:;PASS:,testB:FALSE;RUN:;FAILURE:;ERROR:;SKIP:;PASS:,,generate A TRUE,generate B TRUE,gen_code_A_test_A:SUCCESS;RUN:19;FAILURE:0;ERROR:0;SKIP:0;PASS:19,gen_code_B_test_A:SUCCESS;RUN:19;FAILURE:0;ERROR:0;SKIP:0;PASS:19,gen_code_A_test_B:SUCCESS;RUN:18;FAILURE:0;ERROR:0;SKIP:0;PASS:18,gen_code_B_test_B:SUCCESS;RUN:18;FAILURE:0;ERROR:0;SKIP:0;PASS:18,evosuite:same(cannot distinguish),gpt_code_A_test_A:SUCCESS;RUN:1;FAILURE:0;ERROR:0;SKIP:0;PASS:1,gpt_code_B_test_A:FAIL;RUN:1;FAILURE:1;ERROR:0;SKIP:0;PASS:0,gpt_code_A_test_B:SUCCESS;RUN:1;FAILURE:0;ERROR:0;SKIP:0;PASS:1,gpt_code_B_test_B:SUCCESS;RUN:1;FAILURE:0;ERROR:0;SKIP:0;PASS:1,gpt:B,human:B,
https://github.com/apache/incubator-dolphinscheduler,incubator-dolphinscheduler,2f733944892554e81533cc0fd3e6c410482a2495,escheduler-common/src/main/java/cn/escheduler/common/task/sql/SqlParameters.java,cat,Clone TRUE,Compile TRUE,ORACLEJAVA8,Conflicts TRUE,testA:TRUE;RUN:;FAILURE:;ERROR:;SKIP:;PASS:,testB:TRUE;RUN:;FAILURE:;ERROR:;SKIP:;PASS:,,generate A TRUE,generate B TRUE,gen_code_A_test_A:SUCCESS;RUN:none;FAILURE:none;ERROR:none;SKIP:none;PASS:none,gen_code_B_test_A:FAIL;RUN:none;FAILURE:none;ERROR:none;SKIP:none;PASS:none,gen_code_A_test_B:FAIL;RUN:none;FAILURE:none;ERROR:none;SKIP:none;PASS:none,gen_code_B_test_B:SUCCESS;RUN:none;FAILURE:none;ERROR:none;SKIP:none;PASS:none,evosuite:same(fail),gpt_code_A_test_A:SUCCESS;RUN:none;FAILURE:none;ERROR:none;SKIP:none;PASS:none,gpt_code_B_test_A:FAIL;RUN:none;FAILURE:none;ERROR:none;SKIP:none;PASS:none,gpt_code_A_test_B:FAIL;RUN:none;FAILURE:none;ERROR:none;SKIP:none;PASS:none,gpt_code_B_test_B:SUCCESS;RUN:none;FAILURE:none;ERROR:none;SKIP:none;PASS:none,gpt:cat,,
https://github.com/jchambers/pushy,pushy,d08ad7a66295377fa923230c7ccea51781b86145,src/main/java/com/relayrides/pushy/apns/ApnsConnectionConfiguration.java,cat,Clone TRUE,Compile TRUE,ORACLEJAVA8,Conflicts TRUE,testA:FALSE;RUN:;FAILURE:;ERROR:;SKIP:;PASS:,testB:FALSE;RUN:91;FAILURE:0;ERROR:1;SKIP:0;PASS:90,,generate A TRUE,generate B TRUE,gen_code_A_test_A:SUCCESS;RUN:16;FAILURE:0;ERROR:0;SKIP:0;PASS:16,gen_code_B_test_A:FAIL;RUN:none;FAILURE:none;ERROR:none;SKIP:none;PASS:none,gen_code_A_test_B:FAIL;RUN:none;FAILURE:none;ERROR:none;SKIP:none;PASS:none,gen_code_B_test_B:SUCCESS;RUN:19;FAILURE:0;ERROR:0;SKIP:0;PASS:19,evosuite:cat,,,,,,,
https://github.com/featurecat/lizzie,lizzie,517d6a7d912eae753fb5bfb7bf0953b443d6334f,src/main/java/featurecat/lizzie/analysis/Leelaz.java,cat,Clone TRUE,Compile TRUE,ORACLEJAVA8,Conflicts TRUE,testA:TRUE;RUN:;FAILURE:;ERROR:;SKIP:;PASS:,testB:TRUE;RUN:;FAILURE:;ERROR:;SKIP:;PASS:,,generate A TRUE,generate B TRUE,gen_code_A_test_A:SUCCESS;RUN:none;FAILURE:none;ERROR:none;SKIP:none;PASS:none,gen_code_B_test_A:SUCCESS;RUN:none;FAILURE:none;ERROR:none;SKIP:none;PASS:none,gen_code_A_test_B:SUCCESS;RUN:none;FAILURE:none;ERROR:none;SKIP:none;PASS:none,gen_code_B_test_B:SUCCESS;RUN:none;FAILURE:none;ERROR:none;SKIP:none;PASS:none,evosuite:same(fail),gpt_code_A_test_A:SUCCESS;RUN:none;FAILURE:none;ERROR:none;SKIP:none;PASS:none,gpt_code_B_test_A:SUCCESS;RUN:none;FAILURE:none;ERROR:none;SKIP:none;PASS:none,gpt_code_A_test_B:SUCCESS;RUN:none;FAILURE:none;ERROR:none;SKIP:none;PASS:none,gpt_code_B_test_B:SUCCESS;RUN:none;FAILURE:none;ERROR:none;SKIP:none;PASS:none,gpt:same(skip),human:cat,
https://github.com/OCR4all/OCR4all,OCR4all,e1efba5035f6e616c59484e0286df63c27ee7269,src/main/java/de/uniwue/controller/RecognitionController.java,cat,Clone TRUE,Compile TRUE,ORACLEJAVA8,Conflicts TRUE,testA:TRUE;RUN:;FAILURE:;ERROR:;SKIP:;PASS:,testB:TRUE;RUN:;FAILURE:;ERROR:;SKIP:;PASS:,,generate A TRUE,generate B TRUE,gen_code_A_test_A:SUCCESS;RUN:28;FAILURE:0;ERROR:0;SKIP:0;PASS:28,gen_code_B_test_A:FAIL;RUN:28;FAILURE:1;ERROR:0;SKIP:0;PASS:27,gen_code_A_test_B:FAIL;RUN:26;FAILURE:1;ERROR:0;SKIP:0;PASS:25,gen_code_B_test_B:SUCCESS;RUN:26;FAILURE:0;ERROR:0;SKIP:0;PASS:26,evosuite:A,,,,,,,wrong_ref:A
https://github.com/microsoft/mssql-jdbc,mssql-jdbc,80b396a3c06cb588ebb48739533341f239727fb8,src/main/java/com/microsoft/sqlserver/jdbc/SQLServerResource.java,cat,Clone TRUE,Compile TRUE,ORACLEJAVA11,Conflicts TRUE,testA:FALSE;RUN:0;FAILURE:0;ERROR:0;SKIP:0;PASS:0,testB:FALSE;RUN:0;FAILURE:0;ERROR:0;SKIP:0;PASS:0,,generate A FALSE,generate B FALSE,,,,,evosuite:same(fail),gpt_code_A_test_A:FAIL;RUN:0;FAILURE:0;ERROR:0;SKIP:0;PASS:0,gpt_code_B_test_A:FAIL;RUN:0;FAILURE:0;ERROR:0;SKIP:0;PASS:0,gpt_code_A_test_B:FAIL;RUN:0;FAILURE:0;ERROR:0;SKIP:0;PASS:0,gpt_code_B_test_B:FAIL;RUN:0;FAILURE:0;ERROR:0;SKIP:0;PASS:0,gpt:cat,,
https://github.com/microsoft/mssql-jdbc,mssql-jdbc,c6f8011721c6b2ba0c70343fe02fe1164c43ae66,src/main/java/com/microsoft/sqlserver/jdbc/SQLServerResource.java,cat,Clone TRUE,Compile TRUE,ORACLEJAVA11,Conflicts TRUE,testA:FALSE;RUN:0;FAILURE:0;ERROR:0;SKIP:0;PASS:0,testB:FALSE;RUN:0;FAILURE:0;ERROR:0;SKIP:0;PASS:0,,generate A FALSE,generate B FALSE,,,,,evosuite:same(fail),gpt_code_A_test_A:FAIL;RUN:0;FAILURE:0;ERROR:0;SKIP:0;PASS:0,gpt_code_B_test_A:FAIL;RUN:0;FAILURE:0;ERROR:0;SKIP:0;PASS:0,gpt_code_A_test_B:FAIL;RUN:0;FAILURE:0;ERROR:0;SKIP:0;PASS:0,gpt_code_B_test_B:FAIL;RUN:0;FAILURE:0;ERROR:0;SKIP:0;PASS:0,gpt:cat,,
https://github.com/valfirst/jbehave-junit-runner,jbehave-junit-runner,64fe5ce06045473699a79af02cc90e491501e936,src/main/java/de/codecentric/jbehave/junit/monitoring/JUnitScenarioReporter.java,cat,Clone TRUE,Compile TRUE,ORACLEJAVA8,Conflicts TRUE,testA:FALSE;RUN:;FAILURE:;ERROR:;SKIP:;PASS:,testB:FALSE;RUN:;FAILURE:;ERROR:;SKIP:;PASS:,,generate A TRUE,generate B TRUE,gen_code_A_test_A:FAIL;RUN:none;FAILURE:none;ERROR:none;SKIP:none;PASS:none,gen_code_B_test_A:FAIL;RUN:none;FAILURE:none;ERROR:none;SKIP:none;PASS:none,gen_code_A_test_B:FAIL;RUN:none;FAILURE:none;ERROR:none;SKIP:none;PASS:none,gen_code_B_test_B:FAIL;RUN:none;FAILURE:none;ERROR:none;SKIP:none;PASS:none,evosuite:same(fail),gpt_code_A_test_A:FAIL;RUN:none;FAILURE:none;ERROR:none;SKIP:none;PASS:none,gpt_code_B_test_A:FAIL;RUN:none;FAILURE:none;ERROR:none;SKIP:none;PASS:none,gpt_code_A_test_B:FAIL;RUN:none;FAILURE:none;ERROR:none;SKIP:none;PASS:none,gpt_code_B_test_B:FAIL;RUN:none;FAILURE:none;ERROR:none;SKIP:none;PASS:none,gpt:same(fail),human:cat,
https://github.com/DiUS/java-faker,java-faker,0fabf9922b6d2d2d929febfa7aa7948a35978d5c,src/main/java/com/github/javafaker/Faker.java,cat,Clone TRUE,Compile TRUE,ORACLEJAVA8,Conflicts TRUE,testA:FALSE;RUN:;FAILURE:;ERROR:;SKIP:;PASS:,testB:FALSE;RUN:;FAILURE:;ERROR:;SKIP:;PASS:,,generate A TRUE,generate B TRUE,gen_code_A_test_A:SUCCESS;RUN:8;FAILURE:0;ERROR:0;SKIP:0;PASS:8,gen_code_B_test_A:SUCCESS;RUN:8;FAILURE:0;ERROR:0;SKIP:0;PASS:8,gen_code_A_test_B:SUCCESS;RUN:8;FAILURE:0;ERROR:0;SKIP:0;PASS:8,gen_code_B_test_B:SUCCESS;RUN:8;FAILURE:0;ERROR:0;SKIP:0;PASS:8,evosuite:same(cannot distinguish),gpt_code_A_test_A:SUCCESS;RUN:1;FAILURE:0;ERROR:0;SKIP:0;PASS:1,gpt_code_B_test_A:FAIL;RUN:none;FAILURE:none;ERROR:none;SKIP:none;PASS:none,gpt_code_A_test_B:FAIL;RUN:none;FAILURE:none;ERROR:none;SKIP:none;PASS:none,gpt_code_B_test_B:SUCCESS;RUN:1;FAILURE:0;ERROR:0;SKIP:0;PASS:1,gpt:cat,,
https://github.com/stormpath/stormpath-sdk-java,stormpath-sdk-java,5e342400f658fd92d951c0ed5891d33993fd114c,api/src/main/java/com/stormpath/sdk/application/Application.java,cat,Clone TRUE,Compile TRUE,ORACLEJAVA8,Conflicts TRUE,testA:TRUE;RUN:3;FAILURE:0;ERROR:0;SKIP:0;PASS:3,testB:TRUE;RUN:3;FAILURE:0;ERROR:0;SKIP:0;PASS:3,,generate A TRUE,generate B TRUE,gen_code_A_test_A:SUCCESS;RUN:1;FAILURE:0;ERROR:0;SKIP:0;PASS:1,gen_code_B_test_A:SUCCESS;RUN:1;FAILURE:0;ERROR:0;SKIP:0;PASS:1,gen_code_A_test_B:SUCCESS;RUN:1;FAILURE:0;ERROR:0;SKIP:0;PASS:1,gen_code_B_test_B:SUCCESS;RUN:1;FAILURE:0;ERROR:0;SKIP:0;PASS:1,evosuite:same(cannot distinguish),gpt_code_A_test_A:FAIL;RUN:none;FAILURE:none;ERROR:none;SKIP:none;PASS:none,gpt_code_B_test_A:FAIL;RUN:none;FAILURE:none;ERROR:none;SKIP:none;PASS:none,gpt_code_A_test_B:FAIL;RUN:none;FAILURE:none;ERROR:none;SKIP:none;PASS:none,gpt_code_B_test_B:FAIL;RUN:none;FAILURE:none;ERROR:none;SKIP:none;PASS:none,gpt:same(fail),,
https://github.com/redline-smalltalk/redline-smalltalk,redline-smalltalk,3051df27c7e8c7c5ab002198e0f7cb817bc00c89,src/main/java/st/redline/Primitives.java,cat,Clone TRUE,Compile TRUE,ORACLEJAVA8,Conflicts TRUE,testA:TRUE;RUN:49;FAILURE:0;ERROR:0;SKIP:0;PASS:49,testB:TRUE;RUN:49;FAILURE:0;ERROR:0;SKIP:0;PASS:49,,generate A TRUE,generate B TRUE,gen_code_A_test_A:SUCCESS;RUN:142;FAILURE:0;ERROR:0;SKIP:0;PASS:142,gen_code_B_test_A:FAIL;RUN:none;FAILURE:none;ERROR:none;SKIP:none;PASS:none,gen_code_A_test_B:FAIL;RUN:none;FAILURE:none;ERROR:none;SKIP:none;PASS:none,gen_code_B_test_B:SUCCESS;RUN:138;FAILURE:0;ERROR:0;SKIP:0;PASS:138,evosuite:cat,,,,,,,
https://github.com/redpen-cc/redpen,redpen,6070b11414a006e8f3c05e457543200a9f558809,redpen-core/src/main/java/cc/redpen/validator/ValidatorFactory.java,cat,Clone TRUE,Compile TRUE,ORACLEJAVA8,Conflicts TRUE,testA:TRUE;RUN:579;FAILURE:0;ERROR:0;SKIP:0;PASS:579,testB:TRUE;RUN:579;FAILURE:0;ERROR:0;SKIP:0;PASS:579,,generate A TRUE,generate B TRUE,gen_code_A_test_A:SUCCESS;RUN:12;FAILURE:0;ERROR:0;SKIP:0;PASS:12,gen_code_B_test_A:SUCCESS;RUN:12;FAILURE:0;ERROR:0;SKIP:0;PASS:12,gen_code_A_test_B:SUCCESS;RUN:13;FAILURE:0;ERROR:0;SKIP:0;PASS:13,gen_code_B_test_B:SUCCESS;RUN:13;FAILURE:0;ERROR:0;SKIP:0;PASS:13,evosuite:same(cannot distinguish),gpt_code_A_test_A:SUCCESS;RUN:1;FAILURE:0;ERROR:0;SKIP:0;PASS:1,gpt_code_B_test_A:FAIL;RUN:1;FAILURE:1;ERROR:0;SKIP:0;PASS:0,gpt_code_A_test_B:FAIL;RUN:1;FAILURE:1;ERROR:0;SKIP:0;PASS:0,gpt_code_B_test_B:SUCCESS;RUN:1;FAILURE:0;ERROR:0;SKIP:0;PASS:1,gpt:cat,,
https://github.com/ContainX/openstack4j,openstack4j,a3d1450935c2a80f3f2e20038465b17aaead0b3e,core/src/main/java/org/openstack4j/openstack/provider/DefaultAPIProvider.java,cat,Clone TRUE,Compile TRUE,ORACLEJAVA8,Conflicts TRUE,testA:TRUE;RUN:15;FAILURE:0;ERROR:0;SKIP:0;PASS:15,testB:TRUE;RUN:15;FAILURE:0;ERROR:0;SKIP:0;PASS:15,,generate A TRUE,generate B TRUE,gen_code_A_test_A:FAIL;RUN:2;FAILURE:1;ERROR:0;SKIP:0;PASS:1,gen_code_B_test_A:FAIL;RUN:2;FAILURE:1;ERROR:0;SKIP:0;PASS:1,gen_code_A_test_B:FAIL;RUN:2;FAILURE:1;ERROR:0;SKIP:0;PASS:1,gen_code_B_test_B:FAIL;RUN:2;FAILURE:1;ERROR:0;SKIP:0;PASS:1,evosuite:same(cannot distinguish),gpt_code_A_test_A:SUCCESS;RUN:1;FAILURE:0;ERROR:0;SKIP:0;PASS:1,gpt_code_B_test_A:FAIL;RUN:1;FAILURE:1;ERROR:0;SKIP:0;PASS:0,gpt_code_A_test_B:FAIL;RUN:1;FAILURE:1;ERROR:0;SKIP:0;PASS:0,gpt_code_B_test_B:SUCCESS;RUN:1;FAILURE:0;ERROR:0;SKIP:0;PASS:1,gpt:cat,,
https://github.com/zstackio/zstack,zstack,33e582a32374ef0e77593961711755dd4420a0a3,sdk/src/main/java/org/zstack/sdk/HybridType.java,cat,Clone TRUE,Compile TRUE,ORACLEJAVA8,Conflicts TRUE,testA:TRUE;RUN:;FAILURE:;ERROR:;SKIP:;PASS:,testB:TRUE;RUN:;FAILURE:;ERROR:;SKIP:;PASS:,,generate A TRUE,generate B TRUE,gen_code_A_test_A:SUCCESS;RUN:1;FAILURE:0;ERROR:0;SKIP:0;PASS:1,gen_code_B_test_A:SUCCESS;RUN:1;FAILURE:0;ERROR:0;SKIP:0;PASS:1,gen_code_A_test_B:SUCCESS;RUN:1;FAILURE:0;ERROR:0;SKIP:0;PASS:1,gen_code_B_test_B:SUCCESS;RUN:1;FAILURE:0;ERROR:0;SKIP:0;PASS:1,evosuite:same(cannot distinguish),gpt_code_A_test_A:SUCCESS;RUN:1;FAILURE:0;ERROR:0;SKIP:0;PASS:1,gpt_code_B_test_A:FAIL;RUN:none;FAILURE:none;ERROR:none;SKIP:none;PASS:none,gpt_code_A_test_B:FAIL;RUN:none;FAILURE:none;ERROR:none;SKIP:none;PASS:none,gpt_code_B_test_B:SUCCESS;RUN:1;FAILURE:0;ERROR:0;SKIP:0;PASS:1,gpt:cat,,
https://github.com/microsoft/mssql-jdbc,mssql-jdbc,76ac93ae89be58dfe60055b6b4fb0e4de7295d50,src/main/java/com/microsoft/sqlserver/jdbc/SQLServerResource.java,cat,Clone TRUE,Compile TRUE,ORACLEJAVA8,Conflicts TRUE,testA:FALSE;RUN:33;FAILURE:28;ERROR:1;SKIP:4;PASS:0,testB:FALSE;RUN:33;FAILURE:28;ERROR:1;SKIP:4;PASS:0,,generate A TRUE,generate B TRUE,gen_code_A_test_A:SUCCESS;RUN:4;FAILURE:0;ERROR:0;SKIP:0;PASS:4,gen_code_B_test_A:FAIL;RUN:4;FAILURE:1;ERROR:0;SKIP:0;PASS:3,gen_code_A_test_B:FAIL;RUN:4;FAILURE:1;ERROR:0;SKIP:0;PASS:3,gen_code_B_test_B:SUCCESS;RUN:4;FAILURE:0;ERROR:0;SKIP:0;PASS:4,evosuite:cat,,,,,,,
https://github.com/DiUS/java-faker,java-faker,5223bd80c634abd260661948b439be6a7dede8e0,src/main/java/com/github/javafaker/Faker.java,cat,Clone TRUE,Compile TRUE,ORACLEJAVA8,Conflicts TRUE,testA:FALSE;RUN:;FAILURE:;ERROR:;SKIP:;PASS:,testB:FALSE;RUN:;FAILURE:;ERROR:;SKIP:;PASS:,,generate A TRUE,generate B TRUE,gen_code_A_test_A:SUCCESS;RUN:114;FAILURE:0;ERROR:0;SKIP:0;PASS:114,gen_code_B_test_A:FAIL;RUN:none;FAILURE:none;ERROR:none;SKIP:none;PASS:none,gen_code_A_test_B:FAIL;RUN:none;FAILURE:none;ERROR:none;SKIP:none;PASS:none,gen_code_B_test_B:SUCCESS;RUN:118;FAILURE:0;ERROR:0;SKIP:0;PASS:118,evosuite:cat,,,,,,,
https://github.com/gravitee-io/gravitee-management-rest-api,gravitee-management-rest-api,0ffa394d27c8850115cadaa2fefaa20c126acb5e,gravitee-rest-api-model/src/main/java/io/gravitee/rest/api/model/UpdateCategoryEntity.java,cat,Clone TRUE,Compile TRUE,ORACLEJAVA8,Conflicts TRUE,testA:;RUN:;FAILURE:;ERROR:;SKIP:;PASS:,testB:;RUN:;FAILURE:;ERROR:;SKIP:;PASS:,,generate A FALSE,generate B FALSE,,,,,evosuite:same(fail),gpt_code_A_test_A:FAIL;RUN:none;FAILURE:none;ERROR:none;SKIP:none;PASS:none,gpt_code_B_test_A:FAIL;RUN:none;FAILURE:none;ERROR:none;SKIP:none;PASS:none,,,gpt:cat,,
https://github.com/microsoft/mssql-jdbc,mssql-jdbc,91295c42efa6286b0fdb604861aab93cf427779f,src/main/java/com/microsoft/sqlserver/jdbc/SQLServerDataSource.java,cat,Clone TRUE,Compile TRUE,ORACLEJAVA8,Conflicts TRUE,testA:FALSE;RUN:7;FAILURE:2;ERROR:0;SKIP:0;PASS:5,testB:FALSE;RUN:7;FAILURE:2;ERROR:0;SKIP:0;PASS:5,,generate A TRUE,generate B TRUE,gen_code_A_test_A:SUCCESS;RUN:107;FAILURE:0;ERROR:0;SKIP:0;PASS:107,gen_code_B_test_A:FAIL;RUN:none;FAILURE:none;ERROR:none;SKIP:none;PASS:none,gen_code_A_test_B:FAIL;RUN:none;FAILURE:none;ERROR:none;SKIP:none;PASS:none,gen_code_B_test_B:SUCCESS;RUN:109;FAILURE:0;ERROR:0;SKIP:0;PASS:109,evosuite:cat,,,,,,,
https://github.com/RMLio/rmlmapper-java,rmlmapper-java,05175323c050e51463354f7a2d4c6ff5c5ea7625,src/main/java/be/ugent/rml/functions/lib/IDLabFunctions.java,cat,Clone TRUE,Compile TRUE,ORACLEJAVA11,Conflicts TRUE,testA:FALSE;RUN:274;FAILURE:2;ERROR:36;SKIP:7;PASS:229,testB:FALSE;RUN:;FAILURE:;ERROR:;SKIP:;PASS:,,generate A TRUE,generate B TRUE,gen_code_A_test_A:;RUN:none;FAILURE:none;ERROR:none;SKIP:none;PASS:none,gen_code_B_test_A:;RUN:none;FAILURE:none;ERROR:none;SKIP:none;PASS:none,gen_code_A_test_B:;RUN:none;FAILURE:none;ERROR:none;SKIP:none;PASS:none,gen_code_B_test_B:;RUN:none;FAILURE:none;ERROR:none;SKIP:none;PASS:none,evosuite:same(fail),gpt_code_A_test_A:;RUN:none;FAILURE:none;ERROR:none;SKIP:none;PASS:none,gpt_code_B_test_A:;RUN:none;FAILURE:none;ERROR:none;SKIP:none;PASS:none,gpt_code_A_test_B:;RUN:none;FAILURE:none;ERROR:none;SKIP:none;PASS:none,gpt_code_B_test_B:;RUN:none;FAILURE:none;ERROR:none;SKIP:none;PASS:none,gpt:cat,,
https://github.com/perwendel/spark,spark,24e7b2651b40c1ea792aa33e7c62db4e841f81f2,src/main/java/spark/Spark.java,A,Clone TRUE,Compile TRUE,ORACLEJAVA8,Conflicts TRUE,testA:TRUE;RUN:273;FAILURE:0;ERROR:0;SKIP:0;PASS:273,testB:TRUE;RUN:273;FAILURE:0;ERROR:0;SKIP:0;PASS:273,,generate A TRUE,generate B TRUE,gen_code_A_test_A:FAIL;RUN:85;FAILURE:7;ERROR:1;SKIP:0;PASS:77,gen_code_B_test_A:FAIL;RUN:85;FAILURE:11;ERROR:1;SKIP:0;PASS:73,gen_code_A_test_B:FAIL;RUN:82;FAILURE:4;ERROR:0;SKIP:0;PASS:78,gen_code_B_test_B:SUCCESS;RUN:82;FAILURE:0;ERROR:0;SKIP:0;PASS:82,evosuite:A,,,,,,,
https://github.com/NanoHttpd/nanohttpd,nanohttpd,d4b126719dcc2ae9f36941d8cdcb98a64d828aad,core/src/main/java/fi/iki/elonen/NanoHTTPD.java,A,Clone TRUE,Compile TRUE,ORACLEJAVA8,Conflicts TRUE,testA:TRUE;RUN:39;FAILURE:0;ERROR:0;SKIP:0;PASS:39,testB:TRUE;RUN:39;FAILURE:0;ERROR:0;SKIP:0;PASS:39,,generate A TRUE,generate B TRUE,gen_code_A_test_A:SUCCESS;RUN:24;FAILURE:0;ERROR:0;SKIP:0;PASS:24,gen_code_B_test_A:FAIL;RUN:none;FAILURE:none;ERROR:none;SKIP:none;PASS:none,gen_code_A_test_B:SUCCESS;RUN:18;FAILURE:0;ERROR:0;SKIP:0;PASS:18,gen_code_B_test_B:SUCCESS;RUN:18;FAILURE:0;ERROR:0;SKIP:0;PASS:18,evosuite:A,,,,,,,
https://github.com/MyCATApache/Mycat-Server,Mycat-Server,c42db00282577e9524a55ccef8889a3dff713518,src/main/java/io/mycat/server/ServerConnection.java,A,Clone TRUE,Compile TRUE,ORACLEJAVA8,Conflicts TRUE,testA:;RUN:1;FAILURE:0;ERROR:0;SKIP:0;PASS:1,testB:;RUN:1;FAILURE:0;ERROR:0;SKIP:0;PASS:1,,generate A TRUE,generate B FALSE,gen_code_A_test_A:SUCCESS;RUN:7;FAILURE:0;ERROR:0;SKIP:0;PASS:7,gen_code_B_test_A:SUCCESS;RUN:7;FAILURE:0;ERROR:0;SKIP:0;PASS:7,,,evosuite:same(cannot distinguish),,,,,gpt:same(fail),human:A,
https://github.com/jfinal/jfinal,jfinal,77040eaf33ff2f0c2d3c7ea6d7b3b6d0755999d7,src/main/java/com/jfinal/plugin/restful/RestfulHandler.java,A,Clone TRUE,Compile TRUE,ORACLEJAVA8,Conflicts TRUE,testA:TRUE;RUN:1;FAILURE:0;ERROR:0;SKIP:0;PASS:1,testB:TRUE;RUN:1;FAILURE:0;ERROR:0;SKIP:0;PASS:1,,generate A TRUE,generate B TRUE,gen_code_A_test_A:SUCCESS;RUN:2;FAILURE:0;ERROR:0;SKIP:0;PASS:2,gen_code_B_test_A:FAIL;RUN:none;FAILURE:none;ERROR:none;SKIP:none;PASS:none,gen_code_A_test_B:SUCCESS;RUN:1;FAILURE:0;ERROR:0;SKIP:0;PASS:1,gen_code_B_test_B:SUCCESS;RUN:1;FAILURE:0;ERROR:0;SKIP:0;PASS:1,evosuite:A,,,,,,,
https://github.com/medcl/elasticsearch-analysis-ik,elasticsearch-analysis-ik,ca2bfe57320fbf2bbef20c9ca69b9d78f4912710,src/main/java/org/wltea/analyzer/sample/LuceneIndexAndSearchDemo.java,B,Clone TRUE,Compile TRUE,ORACLEJAVA8,Conflicts TRUE,testA:TRUE;RUN:0;FAILURE:0;ERROR:0;SKIP:0;PASS:0,testB:TRUE;RUN:0;FAILURE:0;ERROR:0;SKIP:0;PASS:0,,generate A TRUE,generate B TRUE,gen_code_A_test_A:SUCCESS;RUN:2;FAILURE:0;ERROR:0;SKIP:0;PASS:2,gen_code_B_test_A:SUCCESS;RUN:2;FAILURE:0;ERROR:0;SKIP:0;PASS:2,gen_code_A_test_B:SUCCESS;RUN:2;FAILURE:0;ERROR:0;SKIP:0;PASS:2,gen_code_B_test_B:SUCCESS;RUN:2;FAILURE:0;ERROR:0;SKIP:0;PASS:2,evosuite:same(cannot distinguish),gpt_code_A_test_A:SUCCESS;RUN:1;FAILURE:0;ERROR:0;SKIP:0;PASS:1,gpt_code_B_test_A:FAIL;RUN:1;FAILURE:1;ERROR:0;SKIP:0;PASS:0,gpt_code_A_test_B:FAIL;RUN:1;FAILURE:1;ERROR:0;SKIP:0;PASS:0,gpt_code_B_test_B:SUCCESS;RUN:1;FAILURE:0;ERROR:0;SKIP:0;PASS:1,gpt:A,,wrong_ref:A
https://github.com/TooTallNate/Java-WebSocket,Java-WebSocket,1196574c3436f87682e1487f5ed0e179ea870ed3,src/main/java/org/java_websocket/client/WebSocketClient.java,B,Clone TRUE,Compile TRUE,ORACLEJAVA8,Conflicts TRUE,testA:;RUN:;FAILURE:;ERROR:;SKIP:;PASS:,testB:;RUN:;FAILURE:;ERROR:;SKIP:;PASS:,,generate A TRUE,generate B TRUE,gen_code_A_test_A:SUCCESS;RUN:1;FAILURE:0;ERROR:0;SKIP:0;PASS:1,gen_code_B_test_A:SUCCESS;RUN:1;FAILURE:0;ERROR:0;SKIP:0;PASS:1,gen_code_A_test_B:SUCCESS;RUN:1;FAILURE:0;ERROR:0;SKIP:0;PASS:1,gen_code_B_test_B:SUCCESS;RUN:1;FAILURE:0;ERROR:0;SKIP:0;PASS:1,evosuite:same(cannot distinguish),gpt_code_A_test_A:SUCCESS;RUN:1;FAILURE:0;ERROR:0;SKIP:0;PASS:1,gpt_code_B_test_A:FAIL;RUN:1;FAILURE:1;ERROR:0;SKIP:0;PASS:0,gpt_code_A_test_B:FAIL;RUN:1;FAILURE:1;ERROR:0;SKIP:0;PASS:0,gpt_code_B_test_B:SUCCESS;RUN:1;FAILURE:0;ERROR:0;SKIP:0;PASS:1,gpt:C,,wrong_ref:C
https://github.com/hs-web/hsweb-framework,hsweb-framework,0cdfc2bbefd7a971e8b91fc28b98fb1f493b82ca,hsweb-authorization/hsweb-authorization-api/src/main/java/org/hswebframework/web/authorization/annotation/DataAccess.java,B,Clone TRUE,Compile TRUE,ORACLEJAVA8,Conflicts TRUE,testA:TRUE;RUN:7;FAILURE:0;ERROR:0;SKIP:0;PASS:7,testB:TRUE;RUN:7;FAILURE:0;ERROR:0;SKIP:0;PASS:7,,generate A TRUE,generate B TRUE,gen_code_A_test_A:SUCCESS;RUN:1;FAILURE:0;ERROR:0;SKIP:0;PASS:1,gen_code_B_test_A:SUCCESS;RUN:1;FAILURE:0;ERROR:0;SKIP:0;PASS:1,gen_code_A_test_B:SUCCESS;RUN:1;FAILURE:0;ERROR:0;SKIP:0;PASS:1,gen_code_B_test_B:SUCCESS;RUN:1;FAILURE:0;ERROR:0;SKIP:0;PASS:1,evosuite:same(cannot distinguish),gpt_code_A_test_A:SUCCESS;RUN:1;FAILURE:0;ERROR:0;SKIP:0;PASS:1,gpt_code_B_test_A:SUCCESS;RUN:1;FAILURE:0;ERROR:0;SKIP:0;PASS:1,gpt_code_A_test_B:SUCCESS;RUN:1;FAILURE:0;ERROR:0;SKIP:0;PASS:1,gpt_code_B_test_B:SUCCESS;RUN:1;FAILURE:0;ERROR:0;SKIP:0;PASS:1,gpt:same(cannot distinguish),,
https://github.com/jwtk/jjwt,jjwt,3f079803316a45617b75c4fa2f309d6728490075,src/main/java/io/jsonwebtoken/Header.java,B,Clone TRUE,Compile TRUE,ORACLEJAVA8,Conflicts TRUE,testA:FALSE;RUN:332;FAILURE:0;ERROR:0;SKIP:0;PASS:332,testB:FALSE;RUN:332;FAILURE:0;ERROR:0;SKIP:0;PASS:332,,generate A TRUE,generate B TRUE,gen_code_A_test_A:FAIL;RUN:6;FAILURE:0;ERROR:0;SKIP:0;PASS:6,gen_code_B_test_A:FAIL;RUN:6;FAILURE:0;ERROR:0;SKIP:0;PASS:6,gen_code_A_test_B:FAIL;RUN:6;FAILURE:0;ERROR:0;SKIP:0;PASS:6,gen_code_B_test_B:FAIL;RUN:6;FAILURE:0;ERROR:0;SKIP:0;PASS:6,evosuite:same(cannot distinguish),gpt_code_A_test_A:FAIL;RUN:1;FAILURE:0;ERROR:0;SKIP:0;PASS:1,gpt_code_B_test_A:FAIL;RUN:1;FAILURE:0;ERROR:0;SKIP:0;PASS:1,gpt_code_A_test_B:FAIL;RUN:1;FAILURE:0;ERROR:0;SKIP:0;PASS:1,gpt_code_B_test_B:FAIL;RUN:1;FAILURE:0;ERROR:0;SKIP:0;PASS:1,gpt:same(cannot distinguish),,
https://github.com/mapstruct/mapstruct,mapstruct,283fd8ebda020a3654e2a2a650106bb536d303bb,processor/src/main/java/org/mapstruct/ap/internal/model/BeanMappingMethod.java,B,Clone TRUE,Compile TRUE,ORACLEJAVA8,Conflicts TRUE,testA:;RUN:12;FAILURE:0;ERROR:0;SKIP:0;PASS:12,testB:;RUN:32;FAILURE:0;ERROR:0;SKIP:0;PASS:32,existing:B,generate A TRUE,generate B TRUE,gen_code_A_test_A:SUCCESS;RUN:6;FAILURE:0;ERROR:0;SKIP:0;PASS:6,gen_code_B_test_A:SUCCESS;RUN:6;FAILURE:0;ERROR:0;SKIP:0;PASS:6,gen_code_A_test_B:SUCCESS;RUN:6;FAILURE:0;ERROR:0;SKIP:0;PASS:6,gen_code_B_test_B:SUCCESS;RUN:6;FAILURE:0;ERROR:0;SKIP:0;PASS:6,evosuite:same(cannot distinguish),,,,,,,
https://github.com/pagehelper/Mybatis-PageHelper,Mybatis-PageHelper,3b8b6d829a1b2747565cd30603f985c7f590f04a,src/main/java/com/github/pagehelper/dialect/helper/OracleDialect.java,cat,Clone TRUE,Compile TRUE,ORACLEJAVA8,Conflicts TRUE,testA:TRUE;RUN:105;FAILURE:0;ERROR:0;SKIP:1;PASS:104,testB:TRUE;RUN:105;FAILURE:0;ERROR:0;SKIP:1;PASS:104,,generate A TRUE,generate B TRUE,gen_code_A_test_A:SUCCESS;RUN:4;FAILURE:0;ERROR:0;SKIP:0;PASS:4,gen_code_B_test_A:SUCCESS;RUN:4;FAILURE:0;ERROR:0;SKIP:0;PASS:4,gen_code_A_test_B:SUCCESS;RUN:4;FAILURE:0;ERROR:0;SKIP:0;PASS:4,gen_code_B_test_B:SUCCESS;RUN:4;FAILURE:0;ERROR:0;SKIP:0;PASS:4,evosuite:same(cannot distinguish),gpt_code_A_test_A:SUCCESS;RUN:1;FAILURE:0;ERROR:0;SKIP:0;PASS:1,gpt_code_B_test_A:SUCCESS;RUN:1;FAILURE:0;ERROR:0;SKIP:0;PASS:1,gpt_code_A_test_B:FAIL;RUN:1;FAILURE:1;ERROR:0;SKIP:0;PASS:0,gpt_code_B_test_B:FAIL;RUN:1;FAILURE:1;ERROR:0;SKIP:0;PASS:0,gpt:same(cannot distinguish),human:cat,
https://github.com/square/javapoet,javapoet,2eee6c2c5db8aacdff0100847f6831e1e46db5c4,src/main/java/com/squareup/java/JavaWriter.java,cat,Clone TRUE,Compile TRUE,ORACLEJAVA8,Conflicts TRUE,testA:TRUE;RUN:31;FAILURE:0;ERROR:0;SKIP:0;PASS:31,testB:FALSE;RUN:31;FAILURE:1;ERROR:0;SKIP:0;PASS:30,existing:A,generate A TRUE,generate B TRUE,gen_code_A_test_A:SUCCESS;RUN:88;FAILURE:0;ERROR:0;SKIP:0;PASS:88,gen_code_B_test_A:SUCCESS;RUN:88;FAILURE:0;ERROR:0;SKIP:0;PASS:88,gen_code_A_test_B:FAIL;RUN:none;FAILURE:none;ERROR:none;SKIP:none;PASS:none,gen_code_B_test_B:SUCCESS;RUN:92;FAILURE:0;ERROR:0;SKIP:0;PASS:92,evosuite:B,,,,,,,
https://github.com/AsyncHttpClient/async-http-client,async-http-client,4999b8dd4278f9cae0a1d278c00f067e8df5c12e,src/main/java/com/ning/http/client/AsyncHttpClient.java,cat,Clone TRUE,Compile TRUE,ORACLEJAVA8,Conflicts TRUE,testA:FALSE;RUN:35;FAILURE:1;ERROR:0;SKIP:0;PASS:34,testB:FALSE;RUN:35;FAILURE:1;ERROR:0;SKIP:0;PASS:34,,generate A TRUE,generate B TRUE,gen_code_A_test_A:SUCCESS;RUN:0;FAILURE:0;ERROR:0;SKIP:0;PASS:0,gen_code_B_test_A:SUCCESS;RUN:0;FAILURE:0;ERROR:0;SKIP:0;PASS:0,gen_code_A_test_B:SUCCESS;RUN:0;FAILURE:0;ERROR:0;SKIP:0;PASS:0,gen_code_B_test_B:SUCCESS;RUN:0;FAILURE:0;ERROR:0;SKIP:0;PASS:0,evosuite:same(cannot distinguish),gpt_code_A_test_A:FAIL;RUN:none;FAILURE:none;ERROR:none;SKIP:none;PASS:none,gpt_code_B_test_A:FAIL;RUN:none;FAILURE:none;ERROR:none;SKIP:none;PASS:none,gpt_code_A_test_B:SUCCESS;RUN:0;FAILURE:0;ERROR:0;SKIP:0;PASS:0,gpt_code_B_test_B:SUCCESS;RUN:0;FAILURE:0;ERROR:0;SKIP:0;PASS:0,gpt:same(fail),human:cat,
https://github.com/JCTools/JCTools,JCTools,8b7593a14802f68b912eb1f06ca6f196d12825a2,jctools-core/src/main/java/org/jctools/maps/NonBlockingHashMapLong.java,cat,Clone TRUE,Compile TRUE,ORACLEJAVA8,Conflicts TRUE,testA:;RUN:24;FAILURE:0;ERROR:0;SKIP:2;PASS:22,testB:;RUN:24;FAILURE:0;ERROR:0;SKIP:2;PASS:22,,generate A TRUE,generate B TRUE,gen_code_A_test_A:SUCCESS;RUN:70;FAILURE:0;ERROR:0;SKIP:0;PASS:70,gen_code_B_test_A:FAIL;RUN:70;FAILURE:4;ERROR:0;SKIP:0;PASS:66,gen_code_A_test_B:FAIL;RUN:none;FAILURE:none;ERROR:none;SKIP:none;PASS:none,gen_code_B_test_B:FAIL;RUN:none;FAILURE:none;ERROR:none;SKIP:none;PASS:none,evosuite:same(fail),gpt_code_A_test_A:FAIL;RUN:none;FAILURE:none;ERROR:none;SKIP:none;PASS:none,gpt_code_B_test_A:FAIL;RUN:none;FAILURE:none;ERROR:none;SKIP:none;PASS:none,gpt_code_A_test_B:FAIL;RUN:none;FAILURE:none;ERROR:none;SKIP:none;PASS:none,gpt_code_B_test_B:FAIL;RUN:none;FAILURE:none;ERROR:none;SKIP:none;PASS:none,gpt:same(fail),human:cat,
https://github.com/aws/aws-sdk-java,aws-sdk-java,2dd166f640dc18e124b848431d96e669881ba859,src/main/java/com/amazonaws/services/s3/transfer/TransferManager.java,cat,Clone TRUE,Compile TRUE,ORACLEJAVA8,Conflicts TRUE,testA:TRUE;RUN:;FAILURE:;ERROR:;SKIP:;PASS:,testB:TRUE;RUN:;FAILURE:;ERROR:;SKIP:;PASS:,,generate A TRUE,generate B TRUE,gen_code_A_test_A:SUCCESS;RUN:47;FAILURE:0;ERROR:0;SKIP:0;PASS:47,gen_code_B_test_A:SUCCESS;RUN:47;FAILURE:0;ERROR:0;SKIP:0;PASS:47,gen_code_A_test_B:SUCCESS;RUN:50;FAILURE:0;ERROR:0;SKIP:0;PASS:50,gen_code_B_test_B:SUCCESS;RUN:50;FAILURE:0;ERROR:0;SKIP:0;PASS:50,evosuite:same(cannot distinguish),gpt_code_A_test_A:SUCCESS;RUN:1;FAILURE:0;ERROR:0;SKIP:0;PASS:1,gpt_code_B_test_A:SUCCESS;RUN:1;FAILURE:0;ERROR:0;SKIP:0;PASS:1,gpt_code_A_test_B:FAIL;RUN:none;FAILURE:none;ERROR:none;SKIP:none;PASS:none,gpt_code_B_test_B:FAIL;RUN:none;FAILURE:none;ERROR:none;SKIP:none;PASS:none,gpt:same(cannot distinguish),human:cat,
https://github.com/traccar/traccar,traccar,8a696af4d92821ccf741c21dcbe118861008743a,src/main/java/org/traccar/protocol/WatchProtocolEncoder.java,cat,Clone TRUE,Compile TRUE,ORACLEJAVA8,Conflicts TRUE,testA:FALSE;RUN:397;FAILURE:25;ERROR:0;SKIP:16;PASS:356,testB:FALSE;RUN:397;FAILURE:25;ERROR:0;SKIP:16;PASS:356,,generate A FALSE,generate B FALSE,,,,,evosuite:same(fail),gpt_code_A_test_A:FAIL;RUN:none;FAILURE:none;ERROR:none;SKIP:none;PASS:none,gpt_code_B_test_A:FAIL;RUN:none;FAILURE:none;ERROR:none;SKIP:none;PASS:none,gpt_code_A_test_B:FAIL;RUN:1;FAILURE:0;ERROR:1;SKIP:0;PASS:0,gpt_code_B_test_B:FAIL;RUN:1;FAILURE:0;ERROR:1;SKIP:0;PASS:0,gpt:same(fail),human:C,wrong_ref:C
